Source|Date de publication|Titre|URL
https://cybersecuritynews.com/feed/|2024-02-29|DashExe RAT Advetised on Hacking Forums for $17.95|https://cybersecuritynews.com/dashexe-rat-advetised/
https://cybersecuritynews.com/feed/|2024-02-29|Hackers Using Weaponized ZIP File To Steal NTLM Hashes|https://cybersecuritynews.com/weaponized-zip-ntlm-hash-theft/
https://cybersecuritynews.com/feed/|2024-02-29|Savvy Seahorse Hackers Leverage DNS CNAME Records to Exploit Victims|https://cybersecuritynews.com/savvy-seahorse-hackers-dns/
https://cybersecuritynews.com/feed/|2024-02-29|Hackers Abuses SVG Image Files to Deliver GUloader Malware|https://cybersecuritynews.com/hackers-svg-image-files-deliver-guloader-malware/
https://cybersecuritynews.com/feed/|2024-02-29|Kali Linux 2024.1 Released with New Hacking Tools – What’s New!|https://cybersecuritynews.com/kali-linux-2024-1/
https://cybersecuritynews.com/feed/|2024-02-28|UNC1549 Hackers Abuse Microsoft Azure Cloud To Attack Defense Sectors|https://cybersecuritynews.com/unc1549-azure-abuse-defense-attack/
https://cybersecuritynews.com/feed/|2024-02-28|Russian Hackers Hijack Ubiquiti Routers To Proxy Network|https://cybersecuritynews.com/russian-hackers-hijack-ubiquiti-routers/
https://cybersecuritynews.com/feed/|2024-02-28|FBI, CISA warns Of ALPHV Blackcat Ransomware Attacking Hospitals|https://cybersecuritynews.com/fbi-cisa-warns-alphv-blackcat-ransomware/
https://cybersecuritynews.com/feed/|2024-02-28|LiteSpeed Cache Plugin XSS Flaw Exposes 4M+ Million Sites to Attack|https://cybersecuritynews.com/litespeed-cache-plugin-xss-flaw/
https://cybersecuritynews.com/feed/|2024-02-28|Ransomware Attack on Lurie Children’s Hospital: $3.4M Ransom Demanded|https://cybersecuritynews.com/ransomware-attack-on-childrens-hospital/
https://blog.virustotal.com/feeds/posts/default|2024-02-21|Following MITRE's footsteps in analyzing malware behavior|https://blog.virustotal.com/2024/02/following-in-mitres-footsteps-and.html
https://blog.virustotal.com/feeds/posts/default|2024-02-06|VT Livehunt Cheat Sheet|https://blog.virustotal.com/2024/02/vt-livehunt-cheat-sheet.html
https://blog.virustotal.com/feeds/posts/default|2024-01-22|Uncovering Hidden Threats with VirusTotal Code Insight|https://blog.virustotal.com/2024/01/uncovering-hidden-threats-with.html
https://blog.virustotal.com/feeds/posts/default|2024-01-01|Monitoring malware trends with VT Intelligence|https://blog.virustotal.com/2024/01/monitoring-malware-trends-with-vt.html
https://blog.virustotal.com/feeds/posts/default|2023-12-25|Hunting for malicious domains with VT Intelligence|https://blog.virustotal.com/2023/12/hunting-for-malicious-domains-with-vt.html
https://blog.virustotal.com/feeds/posts/default|2023-12-20|Sigma rules for Linux and MacOS|https://blog.virustotal.com/2023/12/sigma-rules-for-linux-and-macos_20.html
https://blog.virustotal.com/feeds/posts/default|2023-12-18|Protecting the perimeter with VT Intelligence - malicious URLs|https://blog.virustotal.com/2023/12/protecting-perimeter-with-vt_18.html
https://blog.virustotal.com/feeds/posts/default|2023-12-11|Protecting the perimeter with VT Intelligence - Email security|https://blog.virustotal.com/2023/12/protecting-perimeter-with-vt.html
https://blog.virustotal.com/feeds/posts/default|2023-12-11|VTMondays|https://blog.virustotal.com/2023/12/vtmondays-index.html
https://blog.virustotal.com/feeds/posts/default|2023-11-29|How AI is shaping malware analysis|https://blog.virustotal.com/2023/11/how-ai-is-shaping-malware-analysis.html
https://blog.virustotal.com/feeds/posts/default|2023-11-23|Actionable Threat Intel (VI) - A day in a Threat Hunter's life|https://blog.virustotal.com/2023/11/actionable-threat-intel-vi-day-in.html
https://blog.virustotal.com/feeds/posts/default|2023-11-21|The definitive VirusTotal’s admin guide|https://blog.virustotal.com/2023/11/the-definitive-virustotals-admin-guide.html
https://blog.virustotal.com/feeds/posts/default|2023-10-26|Unifying threat context with VirusTotal connectors|https://blog.virustotal.com/2023/10/unifying-threat-context-with-virustotal.html
https://blog.virustotal.com/feeds/posts/default|2023-10-17|The path from VT Intelligence queries to VT Livehunt rules: A CTI analyst approach|https://blog.virustotal.com/2023/10/the-path-from-vt-intelligence-queries.html
https://blog.virustotal.com/feeds/posts/default|2023-09-21|It's all about the structure! Creating YARA rules by clicking|https://blog.virustotal.com/2023/09/its-all-about-structure-creating-yara.html
https://blog.virustotal.com/feeds/posts/default|2023-08-04|Crowdsourced AI += NICS Lab|https://blog.virustotal.com/2023/08/crowdsourced-ai-nics-lab.html
https://blog.virustotal.com/feeds/posts/default|2023-08-01|Actionable Threat Intel (V) - Autogenerated Livehunt rules for IoC tracking|https://blog.virustotal.com/2023/08/actionable-threat-intel-v-autogenerated.html
https://blog.virustotal.com/feeds/posts/default|2023-07-26|VirusTotal Malware Trends Report: Emerging Formats and Delivery Techniques|https://blog.virustotal.com/2023/07/virustotal-malware-trends-report.html
https://blog.virustotal.com/feeds/posts/default|2023-07-24|Actionable Threat Intel (IV) - YARA beyond files: extending rules to network IoCs|https://blog.virustotal.com/2023/07/actionable-threat-intel-iv-yara-beyond.html
https://blog.virustotal.com/feeds/posts/default|2023-07-21|Apology and Update on Recent Accidental Data Exposure|https://blog.virustotal.com/2023/07/apology-and-update-on-recent-accidental.html
https://blog.virustotal.com/feeds/posts/default|2023-07-18|VirusTotal += Crowdsourced AI|https://blog.virustotal.com/2023/07/virustotal-crowdsourced-ai.html
https://blog.virustotal.com/feeds/posts/default|2023-07-13|Actionable Threat Intel (III) - Introducing the definitive YARA editor|https://blog.virustotal.com/2023/07/actionable-threat-intel-iii-introducing.html
https://blog.virustotal.com/feeds/posts/default|2023-06-26|Threat hunting converting SIGMA to YARA|https://blog.virustotal.com/2023/06/threat-hunting-converting-sigma-to-yara.html
https://blog.virustotal.com/feeds/posts/default|2023-06-20|VirusTotal += Docguard|https://blog.virustotal.com/2023/06/virustotal-docguard.html
https://blog.virustotal.com/feeds/posts/default|2023-06-19|Inside of the WASP's nest: deep dive into PyPI-hosted malware|https://blog.virustotal.com/2023/06/inside-of-wasps-nest-deep-dive-into.html
https://www.securityweek.com/feed/|2024-02-29|Meta Patches Facebook Account Takeover Vulnerability|https://www.securityweek.com/meta-patches-facebook-account-takeover-vulnerability/
https://www.securityweek.com/feed/|2024-02-29|Cisco Patches High-Severity Vulnerabilities in Data Center OS|https://www.securityweek.com/cisco-patches-high-severity-vulnerabilities-in-data-center-os/
https://www.securityweek.com/feed/|2024-02-29|The Imperative for Modern Security: Risk-Based Vulnerability Management|https://www.securityweek.com/the-imperative-for-modern-security-risk-based-vulnerability-management/
https://www.securityweek.com/feed/|2024-02-29|BlackCat Ransomware Gang Claims Attack on Change Healthcare|https://www.securityweek.com/blackcat-ransomware-gang-claims-attack-on-change-healthcare/
https://www.securityweek.com/feed/|2024-02-29|Windows Zero-Day Exploited by North Korean Hackers in Rootkit Attack|https://www.securityweek.com/windows-zero-day-exploited-by-north-korean-hackers-in-rootkit-attack/
https://www.securityweek.com/feed/|2024-02-28|White House Issues Executive Order on International Data Protection|https://www.securityweek.com/white-house-to-issue-executive-order-on-personal-information-protection/
https://www.securityweek.com/feed/|2024-02-28|Cyber Insights 2024: APIs – A Clear, Present, and Future Danger|https://www.securityweek.com/cyber-insights-2024-apis-a-clear-present-and-future-danger/
https://www.securityweek.com/feed/|2024-02-28|US Bans Trading With Canadian Network Intelligence Firm Sandvine|https://www.securityweek.com/us-bans-trading-with-canadian-network-intelligence-firm-sandvine/
https://www.securityweek.com/feed/|2024-02-28|Hackers Steal Personal Information From Pharma Giant Cencora|https://www.securityweek.com/hackers-steal-personal-information-from-pharma-giant-cencora/
https://www.securityweek.com/feed/|2024-02-28|US Government Urges Cleanup of Routers Infected by Russia’s APT28|https://www.securityweek.com/us-government-urges-cleanup-of-routers-infected-by-russias-apt28/
https://isc.sans.edu/rssfeed.xml|2024-02-29|ISC Stormcast For Thursday, February 29th, 2024 https://isc.sans.edu/podcastdetail/8874, (Thu, Feb 29th)|https://isc.sans.edu/diary/rss/30702
https://isc.sans.edu/rssfeed.xml|2024-02-29|&#x5b;Guest Diary&#x5d; Dissecting DarkGate: Modular Malware Delivery and Persistence as a Service., (Thu, Feb 29th)|https://isc.sans.edu/diary/rss/30700
https://isc.sans.edu/rssfeed.xml|2024-02-28|Exploit Attempts for Unknown Password Reset Vulnerability, (Wed, Feb 28th)|https://isc.sans.edu/diary/rss/30698
https://isc.sans.edu/rssfeed.xml|2024-02-28|ISC Stormcast For Wednesday, February 28th, 2024 https://isc.sans.edu/podcastdetail/8872, (Wed, Feb 28th)|https://isc.sans.edu/diary/rss/30696
https://isc.sans.edu/rssfeed.xml|2024-02-27|Take Downs and the Rest of Us: Do they matter&#x3f;, (Tue, Feb 27th)|https://isc.sans.edu/diary/rss/30694
https://isc.sans.edu/rssfeed.xml|2024-02-27|ISC Stormcast For Tuesday, February 27th, 2024 https://isc.sans.edu/podcastdetail/8870, (Tue, Feb 27th)|https://isc.sans.edu/diary/rss/30692
https://isc.sans.edu/rssfeed.xml|2024-02-26|ISC Stormcast For Monday, February 26th, 2024 https://isc.sans.edu/podcastdetail/8868, (Mon, Feb 26th)|https://isc.sans.edu/diary/rss/30690
https://isc.sans.edu/rssfeed.xml|2024-02-26|Utilizing the VirusTotal API to Query Files Uploaded to DShield Honeypot &#x5b;Guest Diary&#x5d;, (Sun, Feb 25th)|https://isc.sans.edu/diary/rss/30688
https://isc.sans.edu/rssfeed.xml|2024-02-25|Update: MGLNDD&#x5f;&#x2a; Scans, (Sat, Feb 24th)|https://isc.sans.edu/diary/rss/30686
https://isc.sans.edu/rssfeed.xml|2024-02-23|Simple Anti-Sandbox Technique: Where's The Mouse&#x3f;, (Fri, Feb 23rd)|https://isc.sans.edu/diary/rss/30684
https://www.xmco.fr/feed/|2024-02-23|Résumé de la semaine #8 (du 17 au 23 février 2024)|https://www.xmco.fr/resume-de-la-semaine-fr/resume-de-la-semaine-8-du-17-au-23-fevrier-2024/
https://www.xmco.fr/feed/|2024-02-16|Résumé de la semaine #7 (du 10 au 16 février 2024)|https://www.xmco.fr/resume-de-la-semaine-fr/resume-de-la-semaine-7-du-10-au-16-fevrier-2/
https://www.xmco.fr/feed/|2024-02-09|Résumé de la semaine #6 (du 3 au 9 février 2024)|https://www.xmco.fr/resume-de-la-semaine-fr/resume-de-la-semaine-6-du-3-au-9-fevrier-2024/
https://www.xmco.fr/feed/|2024-02-06|La liste de lecture d’XMCO – Janvier 2024|https://www.xmco.fr/non-classe/la-liste-de-lecture-dxmco-janvier-2024-2/
https://www.xmco.fr/feed/|2024-02-02|Résumé de la semaine 5 (du 27 janvier au 2 février 2024)|https://www.xmco.fr/resume-de-la-semaine-fr/resume-de-la-semaine-5-du-27-janvier-au-2-fevrier-2/
https://www.xmco.fr/feed/|2024-01-26|Résumé de la semaine 4 (du 20 au 26 janvier 2024)|https://www.xmco.fr/resume-de-la-semaine-fr/resume-de-la-semaine-4-du-20-au-26-janvier-2/
https://www.xmco.fr/feed/|2024-01-25|Takedown : Un moyen essentiel pour lutter contre la cybercriminalité|https://www.xmco.fr/cyber-threat-intelligence-fr/takedown-un-moyen-essentiel-pour-lutter-contre-la-cybercriminalite/
https://www.xmco.fr/feed/|2024-01-19|Résumé de la semaine 3 (du 13 au 19 janvier 2024)|https://www.xmco.fr/resume-de-la-semaine-fr/resume-de-la-semaine-3-du-13-au-20-janvier-2024/
https://www.xmco.fr/feed/|2024-01-17|PCI v4.0 – 6.3.2 : Comment automatiser l’inventaire et la veille sur les bibliothèques tierces ?|https://www.xmco.fr/pci-dss-fr/pci-v4-0-6-3-2-comment-automatiser-linventaire-et-la-veille-sur-les-bibliotheques-tierces/
https://www.xmco.fr/feed/|2024-01-12|Résumé de la semaine 2 (du 6 au 12 janvier)|https://www.xmco.fr/resume-de-la-semaine-fr/resume-de-la-semaine-2-du-6-au-12-janvier/
https://www.xmco.fr/feed/|2024-01-10|DORA et la résilience opérationnelle des fournisseurs|https://www.xmco.fr/conferences-fr/dora-et-la-resilience-operationnelle-des-fournisseurs/
https://www.xmco.fr/feed/|2024-01-05|Résumé de la semaine 1 (du 30 décembre au 5 janvier)|https://www.xmco.fr/resume-de-la-semaine-fr/resume-de-la-semaine-1-du-30-decembre-au-5-janvier-2/
https://threatpost.com/feed/|2022-08-31|Student Loan Breach Exposes 2.5M Records|https://threatpost.com/student-loan-breach-exposes-2-5m-records/180492/
https://threatpost.com/feed/|2022-08-30|Watering Hole Attacks Push ScanBox Keylogger|https://threatpost.com/watering-hole-attacks-push-scanbox-keylogger/180490/
https://threatpost.com/feed/|2022-08-29|Tentacles of ‘0ktapus’ Threat Group Victimize 130 Firms|https://threatpost.com/0ktapus-victimize-130-firms/180487/
https://threatpost.com/feed/|2022-08-26|Ransomware Attacks are on the Rise|https://threatpost.com/ransomware-attacks-are-on-the-rise/180481/
https://threatpost.com/feed/|2022-08-25|Cybercriminals Are Selling Access to Chinese Surveillance Cameras|https://threatpost.com/cybercriminals-are-selling-access-to-chinese-surveillance-cameras/180478/
https://threatpost.com/feed/|2022-08-24|Twitter Whistleblower Complaint: The TL;DR Version|https://threatpost.com/twitter-whistleblower-tldr-version/180472/
https://threatpost.com/feed/|2022-08-23|Firewall Bug Under Active Attack Triggers CISA Warning|https://threatpost.com/firewall-bug-under-active-attack-cisa-warning/180467/
https://threatpost.com/feed/|2022-08-22|Fake Reservation Links Prey on Weary Travelers|https://threatpost.com/reservation-links-prey-on-travelers/180462/
https://threatpost.com/feed/|2022-08-19|iPhone Users Urged to Update to Patch 2 Zero-Days|https://threatpost.com/iphone-users-urged-to-update-to-patch-2-zero-days-under-attack/180448/
https://threatpost.com/feed/|2022-08-18|Google Patches Chrome’s Fifth Zero-Day of the Year|https://threatpost.com/google-patches-chromes-fifth-zero-day-of-the-year/180432/
https://www.databreaches.net/feed/|2024-02-28|Pharmaceutical giant Cencora reports cyberattack|https://www.databreaches.net/pharmaceutical-giant-cencora-reports-cyberattack/
https://www.databreaches.net/feed/|2024-02-28|CISA Alert CodeAA23-353A:  ALPHV BlackCat|https://www.databreaches.net/cisa-alert-codeaa23-353a-alphv-blackcat/
https://www.databreaches.net/feed/|2024-02-27|Yes, Change Healthcare breach was us — BlackCat|https://www.databreaches.net/yes-change-healthcare-breach-was-us-blackcat/
https://www.databreaches.net/feed/|2024-02-26|loanDepot notifying 17 million customers after ransomware attack in January|https://www.databreaches.net/loandepot-breach-notifying-17-million-customers-after-ransomware-attack-in-january/
https://www.databreaches.net/feed/|2024-02-25|School cyber incidents on Long Island: Reported cases rose sharply in 2023|https://www.databreaches.net/school-cyber-incidents-on-long-island-reported-cases-rose-sharply-in-2023/
https://www.databreaches.net/feed/|2024-02-25|Zalkin law firm settles suit by clients whose sex abuse details were hacked by BlackCat|https://www.databreaches.net/zalkin-law-firm-settles-suit-by-clients-whose-sex-abuse-details-were-hacked-by-blackcat/
https://www.databreaches.net/feed/|2024-02-25|As expected, LockBit is back already|https://www.databreaches.net/as-expected-lockbit-is-back-already/
https://www.databreaches.net/feed/|2024-02-24|NIST Publishes Final “Cybersecurity Resource Guide” on Implementing the HIPAA Security Rule|https://www.databreaches.net/nist-publishes-final-cybersecurity-resource-guide-on-implementing-the-hipaa-security-rule/
https://www.databreaches.net/feed/|2024-02-23|Lockbit takedown accompanied by some arrests and indictments|https://www.databreaches.net/lockbit-takedown-accompanied-by-some-arrests-and-indictments/
https://www.databreaches.net/feed/|2024-02-23|True or false, Friday law enforcement edition|https://www.databreaches.net/true-or-false-friday-law-enforcement-edition/
https://www.bleepingcomputer.com/feed/|2024-02-28|Anycubic 3D printers hacked worldwide to expose security flaw|https://www.bleepingcomputer.com/news/security/anycubic-3d-printers-hacked-worldwide-to-expose-security-flaw/
https://www.bleepingcomputer.com/feed/|2024-02-28|Malicious AI models on Hugging Face backdoor users’ machines|https://www.bleepingcomputer.com/news/security/malicious-ai-models-on-hugging-face-backdoor-users-machines/
https://www.bleepingcomputer.com/feed/|2024-02-28|New executive order bans mass sale of personal data to China, Russia|https://www.bleepingcomputer.com/news/security/new-executive-order-bans-mass-sale-of-personal-data-to-china-russia/
https://www.bleepingcomputer.com/feed/|2024-02-28|Rhysida ransomware wants $3.6 million for children’s stolen data|https://www.bleepingcomputer.com/news/security/rhysida-ransomware-wants-36-million-for-childrens-stolen-data/
https://www.bleepingcomputer.com/feed/|2024-02-28|Kali Linux 2024.1 released with 4 new tools, UI refresh|https://www.bleepingcomputer.com/news/security/kali-linux-20241-released-with-4-new-tools-ui-refresh/
https://www.bleepingcomputer.com/feed/|2024-02-28|Ransomware gang claims they stole 6TB of Change Healthcare data|https://www.bleepingcomputer.com/news/security/ransomware-gang-claims-they-stole-6tb-of-change-healthcare-data/
https://www.bleepingcomputer.com/feed/|2024-02-28|LockBit ransomware returns to attacks with new encryptors, servers|https://www.bleepingcomputer.com/news/security/lockbit-ransomware-returns-to-attacks-with-new-encryptors-servers/
https://www.bleepingcomputer.com/feed/|2024-02-28|Lazarus hackers exploited Windows zero-day to gain Kernel privileges|https://www.bleepingcomputer.com/news/security/lazarus-hackers-exploited-windows-zero-day-to-gain-kernel-privileges/
https://www.bleepingcomputer.com/feed/|2024-02-28|"Epic Games: ""Zero evidence"" we were hacked by Mogilevich gang"|https://www.bleepingcomputer.com/news/security/epic-games-zero-evidence-we-were-hacked-by-mogilevich-gang/
https://www.bleepingcomputer.com/feed/|2024-02-28|Japan warns of malicious PyPi packages created by North Korean hackers|https://www.bleepingcomputer.com/news/security/japan-warns-of-malicious-pypi-packages-created-by-north-korean-hackers/
https://www.bleepingcomputer.com/feed/|2024-02-28|Need to Know: Key Takeaways from the Latest Phishing Attacks|https://www.bleepingcomputer.com/news/security/need-to-know-key-takeaways-from-the-latest-phishing-attacks/
https://www.bleepingcomputer.com/feed/|2024-02-28|Savvy Seahorse gang uses DNS CNAME records to power investor scams|https://www.bleepingcomputer.com/news/security/savvy-seahorse-gang-uses-dns-cname-records-to-power-investor-scams/
https://www.bleepingcomputer.com/feed/|2024-02-28|Registrars can now block all domains that resemble brand names|https://www.bleepingcomputer.com/news/technology/registrars-can-now-block-all-domains-that-resemble-brand-names/
https://www.darkreading.com/rss.xml|2024-02-29|Meet 'XHelper,' the All-in-One Android App for Global Money Laundering|https://www.darkreading.com/threat-intelligence/xhelper-all-in-one-android-app-global-money-laundering
https://www.darkreading.com/rss.xml|2024-02-29|Echoes of SolarWinds in New 'Silver SAML' Attack Technique|https://www.darkreading.com/cyber-risk/researchers-release-details-on-new-silver-saml-attack-technique
https://www.darkreading.com/rss.xml|2024-02-28|US Government Expands Role in Software Security|https://www.darkreading.com/application-security/us-government-taking-bigger-role-in-software-security
https://www.darkreading.com/rss.xml|2024-02-28|'Voltzite' Zaps African Utilities as Part of Volt Typhoon's Onslaught|https://www.darkreading.com/vulnerabilities-threats/voltzite-zaps-african-utilities-volt-typhoon-onslaught
https://www.darkreading.com/rss.xml|2024-02-28|Cyberattackers Lure EU Diplomats With Wine-Tasting Offers|https://www.darkreading.com/cyberattacks-data-breaches/cyberattackers-lure-eu-diplomats-wine-tasting-offers
https://www.darkreading.com/rss.xml|2024-02-28|Converging State Privacy Laws and the Emerging AI Challenge|https://www.darkreading.com/cyber-risk/converging-state-privacy-laws-emerging-ai-challenge
https://www.darkreading.com/rss.xml|2024-02-28|'Savvy Seahorse' Hackers Debut Novel DNS CNAME Trick|https://www.darkreading.com/vulnerabilities-threats/savvy-seahorse-hackers-debut-novel-dns-cname-trick
https://www.darkreading.com/rss.xml|2024-02-28|'Illusive' Iranian Hacking Group Ensnares Israeli, UAE Aerospace and Defense Firms|https://www.darkreading.com/cyberattacks-data-breaches/illusive-iranian-hacking-group-ensnares-israeli-uae-aerospace-and-defense-firms
https://www.darkreading.com/rss.xml|2024-02-27|Kaspersky Finds Attacks on Mobile Devices Significantly Increased in 2023|https://www.darkreading.com/endpoint-security/kaspersky-finds-attacks-on-mobile-devices-significantly-increased-in-2023
https://www.darkreading.com/rss.xml|2024-02-27|U-Haul Reports 67K Customers Impacted by Data Breach|https://www.darkreading.com/cyberattacks-data-breaches/67k-customers-impacted-by-data-breach-according-to-u-haul
https://www.darkreading.com/rss.xml|2024-02-27|Russia's 'Midnight Blizzard' Targets Service Accounts for Initial Cloud Access|https://www.darkreading.com/cloud-security/russia-s-midnight-blizzard-targeting-service-accounts-for-initial-cloud-access
https://www.darkreading.com/rss.xml|2024-02-27|Apple, Signal Debut Quantum-Resistant Encryption, but Challenges Loom|https://www.darkreading.com/cyber-risk/as-quantum-resistant-encryption-emerges-so-do-worries-about-adoption-challenges
https://www.darkreading.com/rss.xml|2024-02-27|Mexico's 'Timbre Stealer' Campaign Targets Manufacturing|https://www.darkreading.com/ics-ot-security/mexico-timbre-stealer-campaign-heralds-2024-tax-season-threat
https://www.darkreading.com/rss.xml|2024-02-27|4 Ways Organizations Can Drive Demand for Software Security Training|https://www.darkreading.com/cybersecurity-operations/4-ways-organizations-drive-demand-for-software-security-training
https://www.darkreading.com/rss.xml|2024-02-27|eBay, VMware, McAfee Sites Hijacked in Sprawling Phishing Operation|https://www.darkreading.com/application-security/ebay-vmware-mcafee-sites-hijacked-sprawling-phishing-operation
https://www.darkreading.com/rss.xml|2024-02-27|What Companies &amp; CISOs Should Know About Rising Legal Threats|https://www.darkreading.com/cyber-risk/what-companies-cisos-should-know-about-rising-legal-threats
https://www.darkreading.com/rss.xml|2024-02-27|China Launches New Cyber-Defense Plan for Industrial Networks|https://www.darkreading.com/cybersecurity-operations/china-rolls-out-strategy-to-prevent-hacking-from-foreign-entities
https://www.darkreading.com/rss.xml|2024-02-27|White House Urges Switching to Memory-Safe Languages|https://www.darkreading.com/application-security/white-house-switch-memory-safe-languages
https://www.darkreading.com/rss.xml|2024-02-26|LockBit's Leak Site Reemerges, a Week After 'Complete Compromise'|https://www.darkreading.com/threat-intelligence/lockbit-leak-site-reemerges-week-after-complete-compromise-
https://www.darkreading.com/rss.xml|2024-02-26|Fortress Information Security Deploys Automated Patch Notification and Authenticity Tool|https://www.darkreading.com/ics-ot-security/fortress-information-security-deploys-automated-patch-notification-and-authenticity-tool
https://www.darkreading.com/rss.xml|2024-02-26|Pentera Launches Global Partner Program to Accelerate Growing Channel|https://www.darkreading.com/cybersecurity-operations/pentera-launches-global-partner-program-to-accelerate-growing-channel
https://www.darkreading.com/rss.xml|2024-02-26|Hack The Box Launches Certified Web Exploitation Expert As Demand for Risk Mitigation Grows|https://www.darkreading.com/cyber-risk/hack-the-box-launches-certified-web-exploitation-expert-as-demand-for-risk-mitigation-grows
https://www.darkreading.com/rss.xml|2024-02-26|Delinea to Acquire Fastpath to Revolutionize Privileged Access and Identity Governance|https://www.darkreading.com/cybersecurity-operations/delinea-to-acquire-fastpath-to-revolutionize-privileged-access-and-identity-governance
https://www.darkreading.com/rss.xml|2024-02-26|Optiv Accepting Applications for $10K Scholarship|https://www.darkreading.com/cybersecurity-operations/optiv-accepting-applications-for-10k-scholarship
https://www.darkreading.com/rss.xml|2024-02-26|UAC-0184 Targets Ukrainian Entity in Finland With Remcos RAT|https://www.darkreading.com/cyberattacks-data-breaches/uac-0184-targets-ukrainian-entity-finland-remcos-rat
https://www.darkreading.com/rss.xml|2024-02-26|NIST Releases Cybersecurity Framework 2.0|https://www.darkreading.com/ics-ot-security/nist-releases-cybersecurity-framework-2-0
https://www.darkreading.com/rss.xml|2024-02-26|Gulf Region Accelerates Adoption of Zero Trust|https://www.darkreading.com/cloud-security/gulf-region-accelerates-adoption-of-zero-trust
https://www.darkreading.com/rss.xml|2024-02-26|The Next Gen of Cybersecurity Could Be Hiding in Big Tech|https://www.darkreading.com/cybersecurity-operations/next-gen-of-cybersecurity-could-be-hiding-in-big-tech
https://www.darkreading.com/rss.xml|2024-02-23|Beyond Identity Introduces Device360 for Security Risk Visibility Across All Devices|https://www.darkreading.com/cyber-risk/beyond-identity-introduces-device360-for-security-risk-visibility-across-all-devices
https://www.darkreading.com/rss.xml|2024-02-23|Palo Alto Networks Launches Cortex Platform Offer|https://www.darkreading.com/endpoint-security/palo-alto-networks-launches-cortex-platform-offer
https://www.darkreading.com/rss.xml|2024-02-23|Apple Beefs Up iMessage With Quantum-Resistant Encryption|https://www.darkreading.com/endpoint-security/apple-beefs-up-imessage-with-quantum-resistant-encryption
https://www.darkreading.com/rss.xml|2024-02-23|Redesigning the Network to Fend Off Living-Off-the-Land Tactics|https://www.darkreading.com/identity-access-management-security/redesigning-the-network-to-fend-off-living-off-the-land-tactics
https://www.darkreading.com/rss.xml|2024-02-23|Lovers' Spat? North Korea Backdoors Russian Foreign Affairs Ministry|https://www.darkreading.com/cyberattacks-data-breaches/north-korea-backdoors-russian-foreign-affairs-ministry
https://www.darkreading.com/rss.xml|2024-02-23|Orgs Face Major SEC Penalties for Failing to Disclose Breaches|https://www.darkreading.com/cyber-risk/orgs-face-major-sec-penalties-failing-disclose-breaches
https://www.darkreading.com/rss.xml|2024-02-23|Privacy Beats Ransomware as Top Insurance Concern|https://www.darkreading.com/data-privacy/privacy-ransomware-top-2024-cyber-insurance
https://www.darkreading.com/rss.xml|2024-02-23|Avast to Pay $16.5M Fine for Selling Consumer Browsing Data|https://www.darkreading.com/cyber-risk/ftc-orders-avast-to-pay-16-5m-for-selling-consumer-browsing-data
https://www.darkreading.com/rss.xml|2024-02-23|Malawi Immigration Dept. Halts Passport Services Amid Cyberattack|https://www.darkreading.com/cyberattacks-data-breaches/malawi-immigration-department-halts-services-amid-cyberattack
https://www.darkreading.com/rss.xml|2024-02-23|ConnectWise ScreenConnect Mass Exploitation Delivers Ransomware|https://www.darkreading.com/remote-workforce/connectwise-screenconnect-mass-exploitation-delivers-ransomware
https://www.darkreading.com/rss.xml|2024-02-23|Alarm Over GenAI Risk Fuels Security Spending in Middle East &amp; Africa|https://www.darkreading.com/cybersecurity-operations/alarm-over-generative-ai-fuels-security-spending-in-middle-east-africa
https://www.darkreading.com/rss.xml|2024-02-23|Fostering Collaboration for Standardized Threat Investigation &amp; Response|https://www.darkreading.com/cybersecurity-operations/fostering-collaboration-standardized-threat-investigation-response
https://www.darkreading.com/rss.xml|2024-02-22|Pharmacy Delays Across US Blamed on Nation-State Hackers|https://www.darkreading.com/cyberattacks-data-breaches/pharmacy-delays-across-us-blamed-on-nation-state-hackers
https://www.darkreading.com/rss.xml|2024-02-22|Hubris May Have Contributed to Downfall of Ransomware Kingpin LockBit|https://www.darkreading.com/cyberattacks-data-breaches/hubris-may-have-caused-lockbit-s-downfall
https://www.darkreading.com/rss.xml|2024-02-22|NSA Cybersecurity Director Rob Joyce to Retire|https://www.darkreading.com/cybersecurity-operations/nsa-cybersecurity-director-rob-joyce-to-retire
https://www.darkreading.com/rss.xml|2024-02-22|iSoon's Secret APT Status Exposes China's Foreign Hacking Machinations|https://www.darkreading.com/threat-intelligence/-isoon-contractor-helps-the-prc-hack-foreign-governments-companies
https://www.darkreading.com/rss.xml|2024-02-22|Insurers Use Claims Data to Recommend Cybersecurity Technologies|https://www.darkreading.com/cyber-risk/insurers-claims-data-recommend-cybersecurity-technologies
https://www.darkreading.com/rss.xml|2024-02-22|Zero-Click Apple Shortcuts Vulnerability Allows Silent Data Theft|https://www.darkreading.com/application-security/zero-click-apple-shortcuts-vulnerability-allows-silent-data-theft
https://www.darkreading.com/rss.xml|2024-02-22|Russian Cyberattackers Launch Multiphase PsyOps Campaign|https://www.darkreading.com/remote-workforce/russian-cyberattackers-launch-multi-phase-psyops-campaign
https://www.darkreading.com/rss.xml|2024-02-22|4 Key Steps to Reevaluate Your Cybersecurity Priorities|https://www.darkreading.com/cybersecurity-operations/4-key-steps-to-reevaluate-your-cybersecurity-priorities
https://www.darkreading.com/rss.xml|2024-02-22|Iran-Backed Charming Kitten Stages Fake Webinar Platform to Ensnare Targets|https://www.darkreading.com/vulnerabilities-threats/iran-backed-charming-kitten-stages-fake-webinar-platform-to-ensnare-targets
https://www.darkreading.com/rss.xml|2024-02-21|'Lucifer' Botnet Turns Up the Heat on Apache Hadoop Servers|https://www.darkreading.com/cloud-security/lucifer-botnet-heat-apache-hadoop-servers
https://www.zataz.com/feed/|2024-02-27|Le CH d’Armentières a été piraté par le hacker BlackOut|https://www.zataz.com/ch-darmenieres-pirate-hacker-blackout/
https://www.zataz.com/feed/|2024-02-26|LockBit est de retour|https://www.zataz.com/lockbit-est-de-retour/
https://www.zataz.com/feed/|2024-02-26|L’équipement secret des hackers : plongée dans l’univers des PC portables durcis|https://www.zataz.com/lequipement-secret-des-hackers-plongee-dans-lunivers-des-pc-portables-durcis/
https://www.zataz.com/feed/|2024-02-24|ZATAZ découvre un hacker malveillant qui explique comment pirater des cartes SIM en France|https://www.zataz.com/zataz-decouvre-un-pirate-informatique-qui-explique-le-piratage-de-cartes-sim-en-france/
https://www.zataz.com/feed/|2024-02-23|Un hacker pour aider les politiques|https://www.zataz.com/un-hacker-pour-aider-les-politiques/
https://www.zataz.com/feed/|2024-02-22|Dans quelle mesure la gestion des identités dans le cloud étend-elle la surface d’attaque ?|https://www.zataz.com/dans-quelle-mesure-la-gestion-des-identites-dans-le-cloud-etend-elle-la-surface-dattaque/
https://www.zataz.com/feed/|2024-02-21|La police envoie un message aux affiliés de Lockbit, Lockbit écrit à ses affiliés !|https://www.zataz.com/la-police-envoie-un-message-aux-affilies-de-lockbit-lockbit-ecrit-a-ses-affilies/
https://www.zataz.com/feed/|2024-02-20|Lockbit piraté : le troll suprême des autorités|https://www.zataz.com/lockbit-pirate-le-troll-supreme-des-autorites/
https://www.zataz.com/feed/|2024-02-20|Récompense pour attraper ALPHV/Blackcat|https://www.zataz.com/recompense-pour-attraper-alphv-blackcat/
https://www.zataz.com/feed/|2024-02-20|Op Yaojing : des milliers de documents d’espionnage chinois diffusés sur GitHub|https://www.zataz.com/op-yaojing-des-milliers-de-documents-despionnage-chinois-diffuses-sur-github/
https://feeds.feedburner.com/TheHackersNews|2024-02-29|GTPDOOR Linux Malware Targets Telecoms, Exploiting GPRS Roaming Networks|https://thehackernews.com/2024/02/gtpdoor-linux-malware-targets-telecoms.html
https://feeds.feedburner.com/TheHackersNews|2024-02-29|How to Prioritize Cybersecurity Spending: A Risk-Based Strategy for the Highest ROI|https://thehackernews.com/2024/02/why-risk-based-approach-to.html
https://feeds.feedburner.com/TheHackersNews|2024-02-29|Lazarus Hackers Exploited Windows Kernel Flaw as Zero-Day in Recent Attacks|https://thehackernews.com/2024/02/lazarus-hackers-exploited-windows.html
https://feeds.feedburner.com/TheHackersNews|2024-02-29|New Backdoor Targeting European Officials Linked to Indian Diplomatic Events|https://thehackernews.com/2024/02/new-backdoor-targeting-european.html
https://feeds.feedburner.com/TheHackersNews|2024-02-29|Lazarus Exploits Typos to Sneak PyPI Malware into Dev Systems|https://thehackernews.com/2024/02/lazarus-exploits-typos-to-sneak-pypi.html
https://feeds.feedburner.com/TheHackersNews|2024-02-29|Chinese Hackers Exploiting Ivanti VPN Flaws to Deploy New Malware|https://thehackernews.com/2024/02/chinese-hackers-exploiting-ivanti-vpn.html
https://feeds.feedburner.com/TheHackersNews|2024-02-29|President Biden Blocks Mass Transfer of Personal Data to High-Risk Nations|https://thehackernews.com/2024/02/president-biden-blocks-mass-transfer-of.html
https://feeds.feedburner.com/TheHackersNews|2024-02-28|Iran-Linked UNC1549 Hackers Target Middle East Aerospace & Defense Sectors|https://thehackernews.com/2024/02/iran-linked-unc1549-hackers-target.html
https://feeds.feedburner.com/TheHackersNews|2024-02-28|FBI Warns U.S. Healthcare Sector of Targeted BlackCat Ransomware Attacks|https://thehackernews.com/2024/02/fbi-warns-us-healthcare-sector-of.html
https://feeds.feedburner.com/TheHackersNews|2024-02-28|Building Your Privacy-Compliant Customer Data Platform (CDP) with First-Party Data|https://thehackernews.com/2024/02/building-your-privacy-compliant.html
https://feeds.feedburner.com/TheHackersNews|2024-02-28|Superusers Need Super Protection: How to Bridge Privileged Access Management and Identity Management|https://thehackernews.com/2024/02/superusers-need-super-protection-how-to.html
https://feeds.feedburner.com/TheHackersNews|2024-02-28|TimbreStealer Malware Spreading via Tax-themed Phishing Scam Targets IT Users|https://thehackernews.com/2024/02/timbrestealer-malware-spreading-via-tax.html
https://feeds.feedburner.com/TheHackersNews|2024-02-28|Cybersecurity Agencies Warn Ubiquiti EdgeRouter Users of APT28's MooBot Threat|https://thehackernews.com/2024/02/cybersecurity-agencies-warn-ubiquiti.html
https://feeds.feedburner.com/TheHackersNews|2024-02-27|WordPress LiteSpeed Plugin Vulnerability Puts 5 Million Sites at Risk|https://thehackernews.com/2024/02/wordpress-litespeed-plugin.html
https://feeds.feedburner.com/TheHackersNews|2024-02-27|Open-Source Xeno RAT Trojan Emerges as a Potent Threat on GitHub|https://thehackernews.com/2024/02/open-source-xeno-rat-trojan-emerges-as.html
https://feeds.feedburner.com/TheHackersNews|2024-02-27|From Alert to Action: How to Speed Up Your SOC Investigations|https://thehackernews.com/2024/02/from-alert-to-action-how-to-speed-up.html
https://feeds.feedburner.com/TheHackersNews|2024-02-27|Five Eyes Agencies Expose APT29's Evolving Cloud Attack Tactics|https://thehackernews.com/2024/02/five-eyes-agencies-expose-apt29s.html
https://feeds.feedburner.com/TheHackersNews|2024-02-27|New Hugging Face Vulnerability Exposes AI Models to Supply Chain Attacks|https://thehackernews.com/2024/02/new-hugging-face-vulnerability-exposes.html
https://feeds.feedburner.com/TheHackersNews|2024-02-27|WordPress Plugin Alert - Critical SQLi Vulnerability Threatens 200K+ Websites|https://thehackernews.com/2024/02/wordpress-plugin-alert-critical-sqli.html
https://feeds.feedburner.com/TheHackersNews|2024-02-26|New IDAT Loader Attacks Using Steganography to Deploy Remcos RAT|https://thehackernews.com/2024/02/new-idat-loader-attacks-using.html
https://feeds.feedburner.com/TheHackersNews|2024-02-26|8,000+ Domains of Trusted Brands Hijacked for Massive Spam Operation|https://thehackernews.com/2024/02/8000-subdomains-of-trusted-brands.html
https://feeds.feedburner.com/TheHackersNews|2024-02-26|North Korean Hackers Targeting Developers with Malicious npm Packages|https://thehackernews.com/2024/02/north-korean-hackers-targeting.html
https://feeds.feedburner.com/TheHackersNews|2024-02-26|Three Tips to Protect Your Secrets from AI Accidents|https://thehackernews.com/2024/02/three-tips-to-protect-your-secrets-from.html
https://feeds.feedburner.com/TheHackersNews|2024-02-26|Banking Trojans Target Latin America and Europe Through Google Cloud Run|https://thehackernews.com/2024/02/banking-trojans-target-latin-america.html
https://feeds.feedburner.com/TheHackersNews|2024-02-26|LockBit Ransomware Group Resurfaces After Law Enforcement Takedown|https://thehackernews.com/2024/02/lockbit-ransomware-group-resurfaces.html
https://feeds.feedburner.com/TheHackersNews|2024-02-25|"Authorities Claim LockBit Admin ""LockBitSupp"" Has Engaged with Law Enforcement"|https://thehackernews.com/2024/02/authorities-claim-lockbit-admin.html
https://feeds.feedburner.com/TheHackersNews|2024-02-24|Microsoft Expands Free Logging Capabilities for all U.S. Federal Agencies|https://thehackernews.com/2024/02/microsoft-expands-free-logging.html
https://feeds.feedburner.com/TheHackersNews|2024-02-23|Dormant PyPI Package Compromised to Spread Nova Sentinel Malware|https://thehackernews.com/2024/02/dormant-pypi-package-compromised-to.html
https://feeds.feedburner.com/TheHackersNews|2024-02-23|Microsoft Releases PyRIT - A Red Teaming Tool for Generative AI|https://thehackernews.com/2024/02/microsoft-releases-pyrit-red-teaming.html
https://feeds.feedburner.com/TheHackersNews|2024-02-23|How to Use Tines's SOC Automation Capability Matrix|https://thehackernews.com/2024/02/how-to-use-tiness-soc-automation.html
https://feeds.feedburner.com/TheHackersNews|2024-02-23|Researchers Detail Apple's Recent Zero-Click Shortcuts Vulnerability|https://thehackernews.com/2024/02/researchers-detail-apples-recent-zero.html
https://feeds.feedburner.com/TheHackersNews|2024-02-23|FTC Slams Avast with $16.5 Million Fine for Selling Users' Browsing Data|https://thehackernews.com/2024/02/ftc-slams-avast-with-165-million-fine.html
https://feeds.feedburner.com/TheHackersNews|2024-02-22|Apple Unveils PQ3 Protocol - Post-Quantum Encryption for iMessage|https://thehackernews.com/2024/02/apple-unveils-pq3-protocol-post-quantum.html
https://feeds.feedburner.com/TheHackersNews|2024-02-22|Cybercriminals Weaponizing Open-Source SSH-Snake Tool for Network Attacks|https://thehackernews.com/2024/02/cybercriminals-weaponizing-open-source.html
https://feeds.feedburner.com/TheHackersNews|2024-02-22|A New Age of Hacktivism|https://thehackernews.com/2024/02/a-new-age-of-hacktivism.html
https://feeds.feedburner.com/TheHackersNews|2024-02-22|Russian Government Software Backdoored to Deploy Konni RAT Malware|https://thehackernews.com/2024/02/russian-government-software-backdoored.html
https://feeds.feedburner.com/TheHackersNews|2024-02-22|U.S. Offers $15 Million Bounty to Hunt Down LockBit Ransomware Leaders|https://thehackernews.com/2024/02/us-offers-15-million-bounty-to-hunt.html
https://feeds.feedburner.com/TheHackersNews|2024-02-21|New Wi-Fi Vulnerabilities Expose Android and Linux Devices to Hackers|https://thehackernews.com/2024/02/new-wi-fi-vulnerabilities-expose.html
https://feeds.feedburner.com/TheHackersNews|2024-02-21|Mustang Panda Targets Asia with Advanced PlugX Variant DOPLUGS|https://thehackernews.com/2024/02/mustang-panda-targets-asia-with.html
https://feeds.feedburner.com/TheHackersNews|2024-02-21|6 Ways to Simplify SaaS Identity Governance|https://thehackernews.com/2024/02/6-ways-to-simplify-saas-identity.html
https://feeds.feedburner.com/TheHackersNews|2024-02-21|New 'VietCredCare' Stealer Targeting Facebook Advertisers in Vietnam|https://thehackernews.com/2024/02/new-vietcredcare-stealer-targeting.html
https://feeds.feedburner.com/TheHackersNews|2024-02-21|Cybersecurity for Healthcare—Diagnosing the Threat Landscape and Prescribing Solutions for Recovery|https://thehackernews.com/2024/02/cybersecurity-for-healthcarediagnosing.html
https://feeds.feedburner.com/TheHackersNews|2024-02-21|Signal Introduces Usernames, Allowing Users to Keep Their Phone Numbers Private|https://thehackernews.com/2024/02/signal-introduces-usernames-allowing.html
https://feeds.feedburner.com/TheHackersNews|2024-02-21|Russian Hackers Target Ukraine with Disinformation and Credential-Harvesting Attacks|https://thehackernews.com/2024/02/russian-hackers-target-ukraine-with.html
https://feeds.feedburner.com/TheHackersNews|2024-02-21|VMware Alert: Uninstall EAP Now - Critical Flaw Puts Active Directory at Risk|https://thehackernews.com/2024/02/vmware-alert-uninstall-eap-now-critical.html
https://feeds.feedburner.com/TheHackersNews|2024-02-20|New Migo Malware Targeting Redis Servers for Cryptocurrency Mining|https://thehackernews.com/2024/02/new-migo-malware-targeting-redis.html
https://feeds.feedburner.com/TheHackersNews|2024-02-20|LockBit Ransomware Operation Shut Down; Criminals Arrested; Decryption Keys Released|https://thehackernews.com/2024/02/lockbit-ransomware-operation-shut-down.html
https://feeds.feedburner.com/TheHackersNews|2024-02-20|New Malicious PyPI Packages Caught Using Covert Side-Loading Tactics|https://thehackernews.com/2024/02/new-malicious-pypi-packages-caught.html
https://feeds.feedburner.com/TheHackersNews|2024-02-20|New Report Reveals North Korean Hackers Targeting Defense Firms Worldwide|https://thehackernews.com/2024/02/new-report-reveals-north-korean-hackers.html
https://feeds.feedburner.com/TheHackersNews|2024-02-20|SaaS Compliance through the NIST Cybersecurity Framework|https://thehackernews.com/2024/02/saas-compliance-through-nist.html
https://www.cybersecuritydive.com/feeds/news/|2024-02-28|White House rallies industry support for memory safe programming|https://www.cybersecuritydive.com/news/white-house-industry-memory-safe/708757/
https://www.cybersecuritydive.com/feeds/news/|2024-02-27|Ivanti Connect Secure hackers hide in plain sight, evading protections|https://www.cybersecuritydive.com/news/ivanti-connect-secure-state-linked-threat/708706/
https://www.cybersecuritydive.com/feeds/news/|2024-02-27|Okta, with a bruised reputation, rethinks security from the top down|https://www.cybersecuritydive.com/news/okta-security-revival/708636/
https://www.cybersecuritydive.com/feeds/news/|2024-02-27|CFOs take backseat to CISOs on SEC cyber rules|https://www.cybersecuritydive.com/news/cfo-ciso-sec-cyber-rules-cybersecurity/708611/
https://www.cybersecuritydive.com/feeds/news/|2024-02-26|LockBit group revives operations after takedown|https://www.cybersecuritydive.com/news/lockbit-revives-operations/708507/
https://www.cybersecuritydive.com/feeds/news/|2024-02-26|MGM Resorts’ cyberattack headache continues as regulators launch investigations|https://www.cybersecuritydive.com/news/mgm-resorts-federal-state-probes-cyberattack/708494/
https://www.cybersecuritydive.com/feeds/news/|2024-02-23|ConnectWise ScreenConnect faces new attacks involving LockBit ransomware|https://www.cybersecuritydive.com/news/connectwise-screenconnect-lockbit-ransomware/708371/
https://www.cybersecuritydive.com/feeds/news/|2024-02-23|Cloud intrusions spiked 75% in 2023, CrowdStrike says|https://www.cybersecuritydive.com/news/cloud-intrusions-spike-crowdstrike/708315/
https://www.cybersecuritydive.com/feeds/news/|2024-02-22|Change Healthcare hit by cyberattack|https://www.cybersecuritydive.com/news/change-healthcare-cyberattack-unitedhealth/708263/
https://www.cybersecuritydive.com/feeds/news/|2024-02-22|ConnectWise ScreenConnect under active exploitation due to critical flaws|https://www.cybersecuritydive.com/news/connectwise-screenconnect-exploitation-critical-flaws/708232/
https://blog.xpnsec.com/rss.xml|2023-10-04|"MacOS ""DirtyNIB"" Vulnerability"|https://blog.xpnsec.com/dirtynib/
https://blog.xpnsec.com/rss.xml|2023-10-02|Okta for Red Teamers|https://blog.xpnsec.com/okta-for-redteamers/
https://blog.xpnsec.com/rss.xml|2023-08-13|LAPS 2.0 Internals|https://blog.xpnsec.com/LAPSv2-Internals/
https://blog.xpnsec.com/rss.xml|2023-08-09|PNG Steganography from First Principles|https://blog.xpnsec.com/png-steganography/
https://blog.xpnsec.com/rss.xml|2023-02-04|Building a Custom Mach-O Memory Loader for macOS - Part 1|https://blog.xpnsec.com/building-a-mach-o-memory-loader-part-1/
https://www.lefigaro.fr/rss/figaro_flash-actu.xml|2024-02-29|Il arrachait les sacs à main des dames âgées : un voleur en série interpellé à Nantes|https://www.lefigaro.fr/nantes/il-arrachait-les-sacs-a-main-des-dames-agees-un-voleur-en-serie-interpelle-a-nantes-20240229
https://www.lefigaro.fr/rss/figaro_flash-actu.xml|2024-02-29|Espagne: démantèlement d'un trafic de matériel militaire vers l'Arabie saoudite|https://www.lefigaro.fr/flash-actu/espagne-demantelement-d-un-trafic-de-materiel-militaire-vers-l-arabie-saoudite-20240229
https://www.lefigaro.fr/rss/figaro_flash-actu.xml|2024-02-29|Deuxième de l’Arkéa Ultim Challenge, Thomas Coville boucle son neuvième tour du monde|https://www.lefigaro.fr/sports/voile/deuxieme-de-l-arkea-ultim-challenge-thomas-coville-boucle-son-neuvieme-tour-du-monde-20240229
https://www.lefigaro.fr/rss/figaro_flash-actu.xml|2024-02-29|Foot: Paul Pogba va faire appel de sa suspension de quatre ans pour dopage|https://www.lefigaro.fr/flash-sport/foot-paul-pogba-va-faire-appel-de-sa-suspension-de-quatre-ans-pour-dopage-20240229
https://www.lefigaro.fr/rss/figaro_flash-actu.xml|2024-02-29|Bordeaux : le «village des péniches» des bassins à flot menacé d’expulsion|https://www.lefigaro.fr/bordeaux/bordeaux-le-village-des-peniches-des-bassins-a-flot-menace-d-expulsion-20240229
https://www.lefigaro.fr/rss/figaro_flash-actu.xml|2024-02-29|«Quel gâchis d'argent !» : une expérience immersive Wonka à 41 euros l'entrée vire au fiasco|https://www.lefigaro.fr/conjoncture/quel-gachis-d-argent-une-experience-immersive-wonka-a-41-euros-l-entree-vire-au-fiasco-20240229
https://www.lefigaro.fr/rss/figaro_flash-actu.xml|2024-02-29|Californie : une villa à 16 millions de dollars au bord du précipice, le propriétaire ne veut pas déménager|https://www.lefigaro.fr/international/californie-une-villa-a-16-millions-de-dollars-au-bord-du-precipice-le-proprietaire-ne-veut-pas-demenager-20240229
https://www.lefigaro.fr/rss/figaro_flash-actu.xml|2024-02-29|JO 2024 : cérémonie d’ouverture, sécurité, baignade dans la Seine... Les réponses d’Emmanuel Macron|https://www.lefigaro.fr/sports/jeux-olympiques/jo-2024-ceremonie-d-ouverture-securite-baignade-dans-la-seine-les-reponses-d-emmanuel-macron-20240229
https://www.lefigaro.fr/rss/figaro_flash-actu.xml|2024-02-29|L’assurance-vie démarre l’année 2024 sur les chapeaux de roues|https://www.lefigaro.fr/conjoncture/l-assurance-vie-demarre-l-annee-2024-sur-les-chapeaux-de-roues-20240229
https://www.lefigaro.fr/rss/figaro_flash-actu.xml|2024-02-29|Luis Enrique confiant pour l’après-Mbappé au PSG : «On aura une équipe bien meilleure que celle de cette année»|https://www.lefigaro.fr/sports/football/ligue-1/luis-enrique-confiant-pour-l-apres-mbappe-au-psg-on-aura-une-equipe-bien-meilleure-que-celle-de-cette-annee-20240229
https://www.lefigaro.fr/rss/figaro_flash-actu.xml|2024-02-29|Plus de 1 million de demandes d’asile en Europe en 2023 : un record depuis 7 ans|https://www.lefigaro.fr/international/record-depuis-7-ans-des-demandes-d-asile-en-europe-en-2023-20240229
https://www.lefigaro.fr/rss/figaro_flash-actu.xml|2024-02-29|Foot: Vladimir Petkovic nommé sélectionneur de l'Algérie|https://www.lefigaro.fr/flash-actu/foot-vladimir-petkovic-nomme-selectionneur-de-l-algerie-20240229
https://www.lefigaro.fr/rss/figaro_flash-actu.xml|2024-02-29|La Poste prise dans des vents contraires en 2023|https://www.lefigaro.fr/societes/la-poste-prise-dans-des-vents-contraires-en-2023-20240229
https://www.lefigaro.fr/rss/figaro_flash-actu.xml|2024-02-29|Près d’une personne agressée chaque minute en France|https://www.lefigaro.fr/actualite-france/pres-d-une-personne-agressee-chaque-minute-en-france-20240229
https://www.lefigaro.fr/rss/figaro_flash-actu.xml|2024-02-29|Russie : Sergueï Sokolov, le rédacteur en chef de Novaïa Gazeta, arrêté à Moscou, annonce son journal|https://www.lefigaro.fr/international/russie-serguei-sokolov-le-redacteur-en-chef-de-novaia-gazeta-arrete-a-moscou-annonce-son-journal-20240229
https://www.lefigaro.fr/rss/figaro_flash-actu.xml|2024-02-29|Tchad : le chef de l’opposition Yaya Dillo a été tué, selon le procureur|https://www.lefigaro.fr/international/tchad-le-chef-de-l-opposition-yaya-dillo-a-ete-tue-selon-le-procureur-20240229
https://www.lefigaro.fr/rss/figaro_flash-actu.xml|2024-02-29|Perpignan: le squelette d'un homme mort depuis des années découvert près de la prison|https://www.lefigaro.fr/faits-divers/perpignan-le-squelette-d-un-homme-mort-depuis-des-annees-decouvert-pres-de-la-prison-20240229
https://www.lefigaro.fr/rss/figaro_flash-actu.xml|2024-02-29|PSG : «Il n'y a pas eu de discussion» sur l'avenir de Mbappé, jure le président Macron|https://www.lefigaro.fr/sports/football/transferts/psg-il-n-y-a-pas-eu-de-discussion-sur-l-avenir-de-mbappe-jure-le-president-macron-20240229
https://www.lefigaro.fr/rss/figaro_flash-actu.xml|2024-02-29|Aix-en-Provence: une octogénaire s’égare à l’hôpital puis est retrouvée morte dans un conteneur|https://www.lefigaro.fr/faits-divers/aix-en-provence-une-octogenaire-s-egare-a-l-hopital-puis-est-retrouvee-morte-dans-un-conteneur-20240229
https://www.lefigaro.fr/rss/figaro_flash-actu.xml|2024-02-29|Pesticides : il y a «urgence» à trouver des solutions pour la pomme et l'endive, selon Marc Fesneau|https://www.lefigaro.fr/conso/pesticides-il-y-a-urgence-a-trouver-des-solutions-pour-la-pomme-et-l-endive-selon-marc-fesneau-20240229
https://feeds.feedburner.com/TheHackersNews|2024-02-29|GTPDOOR Linux Malware Targets Telecoms, Exploiting GPRS Roaming Networks|https://thehackernews.com/2024/02/gtpdoor-linux-malware-targets-telecoms.html
https://feeds.feedburner.com/TheHackersNews|2024-02-29|How to Prioritize Cybersecurity Spending: A Risk-Based Strategy for the Highest ROI|https://thehackernews.com/2024/02/why-risk-based-approach-to.html
https://feeds.feedburner.com/TheHackersNews|2024-02-29|Lazarus Hackers Exploited Windows Kernel Flaw as Zero-Day in Recent Attacks|https://thehackernews.com/2024/02/lazarus-hackers-exploited-windows.html
https://feeds.feedburner.com/TheHackersNews|2024-02-29|New Backdoor Targeting European Officials Linked to Indian Diplomatic Events|https://thehackernews.com/2024/02/new-backdoor-targeting-european.html
https://feeds.feedburner.com/TheHackersNews|2024-02-29|Lazarus Exploits Typos to Sneak PyPI Malware into Dev Systems|https://thehackernews.com/2024/02/lazarus-exploits-typos-to-sneak-pypi.html
https://feeds.feedburner.com/TheHackersNews|2024-02-29|Chinese Hackers Exploiting Ivanti VPN Flaws to Deploy New Malware|https://thehackernews.com/2024/02/chinese-hackers-exploiting-ivanti-vpn.html
https://feeds.feedburner.com/TheHackersNews|2024-02-29|President Biden Blocks Mass Transfer of Personal Data to High-Risk Nations|https://thehackernews.com/2024/02/president-biden-blocks-mass-transfer-of.html
https://feeds.feedburner.com/TheHackersNews|2024-02-28|Iran-Linked UNC1549 Hackers Target Middle East Aerospace & Defense Sectors|https://thehackernews.com/2024/02/iran-linked-unc1549-hackers-target.html
https://feeds.feedburner.com/TheHackersNews|2024-02-28|FBI Warns U.S. Healthcare Sector of Targeted BlackCat Ransomware Attacks|https://thehackernews.com/2024/02/fbi-warns-us-healthcare-sector-of.html
https://feeds.feedburner.com/TheHackersNews|2024-02-28|Building Your Privacy-Compliant Customer Data Platform (CDP) with First-Party Data|https://thehackernews.com/2024/02/building-your-privacy-compliant.html
https://feeds.feedburner.com/TheHackersNews|2024-02-28|Superusers Need Super Protection: How to Bridge Privileged Access Management and Identity Management|https://thehackernews.com/2024/02/superusers-need-super-protection-how-to.html
https://feeds.feedburner.com/TheHackersNews|2024-02-28|TimbreStealer Malware Spreading via Tax-themed Phishing Scam Targets IT Users|https://thehackernews.com/2024/02/timbrestealer-malware-spreading-via-tax.html
https://feeds.feedburner.com/TheHackersNews|2024-02-28|Cybersecurity Agencies Warn Ubiquiti EdgeRouter Users of APT28's MooBot Threat|https://thehackernews.com/2024/02/cybersecurity-agencies-warn-ubiquiti.html
https://feeds.feedburner.com/TheHackersNews|2024-02-27|WordPress LiteSpeed Plugin Vulnerability Puts 5 Million Sites at Risk|https://thehackernews.com/2024/02/wordpress-litespeed-plugin.html
https://feeds.feedburner.com/TheHackersNews|2024-02-27|Open-Source Xeno RAT Trojan Emerges as a Potent Threat on GitHub|https://thehackernews.com/2024/02/open-source-xeno-rat-trojan-emerges-as.html
https://feeds.feedburner.com/TheHackersNews|2024-02-27|From Alert to Action: How to Speed Up Your SOC Investigations|https://thehackernews.com/2024/02/from-alert-to-action-how-to-speed-up.html
https://feeds.feedburner.com/TheHackersNews|2024-02-27|Five Eyes Agencies Expose APT29's Evolving Cloud Attack Tactics|https://thehackernews.com/2024/02/five-eyes-agencies-expose-apt29s.html
https://feeds.feedburner.com/TheHackersNews|2024-02-27|New Hugging Face Vulnerability Exposes AI Models to Supply Chain Attacks|https://thehackernews.com/2024/02/new-hugging-face-vulnerability-exposes.html
https://feeds.feedburner.com/TheHackersNews|2024-02-27|WordPress Plugin Alert - Critical SQLi Vulnerability Threatens 200K+ Websites|https://thehackernews.com/2024/02/wordpress-plugin-alert-critical-sqli.html
https://feeds.feedburner.com/TheHackersNews|2024-02-26|New IDAT Loader Attacks Using Steganography to Deploy Remcos RAT|https://thehackernews.com/2024/02/new-idat-loader-attacks-using.html
https://feeds.feedburner.com/TheHackersNews|2024-02-26|8,000+ Domains of Trusted Brands Hijacked for Massive Spam Operation|https://thehackernews.com/2024/02/8000-subdomains-of-trusted-brands.html
https://feeds.feedburner.com/TheHackersNews|2024-02-26|North Korean Hackers Targeting Developers with Malicious npm Packages|https://thehackernews.com/2024/02/north-korean-hackers-targeting.html
https://feeds.feedburner.com/TheHackersNews|2024-02-26|Three Tips to Protect Your Secrets from AI Accidents|https://thehackernews.com/2024/02/three-tips-to-protect-your-secrets-from.html
https://feeds.feedburner.com/TheHackersNews|2024-02-26|Banking Trojans Target Latin America and Europe Through Google Cloud Run|https://thehackernews.com/2024/02/banking-trojans-target-latin-america.html
https://feeds.feedburner.com/TheHackersNews|2024-02-26|LockBit Ransomware Group Resurfaces After Law Enforcement Takedown|https://thehackernews.com/2024/02/lockbit-ransomware-group-resurfaces.html
https://feeds.feedburner.com/TheHackersNews|2024-02-25|"Authorities Claim LockBit Admin ""LockBitSupp"" Has Engaged with Law Enforcement"|https://thehackernews.com/2024/02/authorities-claim-lockbit-admin.html
https://feeds.feedburner.com/TheHackersNews|2024-02-24|Microsoft Expands Free Logging Capabilities for all U.S. Federal Agencies|https://thehackernews.com/2024/02/microsoft-expands-free-logging.html
https://feeds.feedburner.com/TheHackersNews|2024-02-23|Dormant PyPI Package Compromised to Spread Nova Sentinel Malware|https://thehackernews.com/2024/02/dormant-pypi-package-compromised-to.html
https://feeds.feedburner.com/TheHackersNews|2024-02-23|Microsoft Releases PyRIT - A Red Teaming Tool for Generative AI|https://thehackernews.com/2024/02/microsoft-releases-pyrit-red-teaming.html
https://feeds.feedburner.com/TheHackersNews|2024-02-23|How to Use Tines's SOC Automation Capability Matrix|https://thehackernews.com/2024/02/how-to-use-tiness-soc-automation.html
https://feeds.feedburner.com/TheHackersNews|2024-02-23|Researchers Detail Apple's Recent Zero-Click Shortcuts Vulnerability|https://thehackernews.com/2024/02/researchers-detail-apples-recent-zero.html
https://feeds.feedburner.com/TheHackersNews|2024-02-23|FTC Slams Avast with $16.5 Million Fine for Selling Users' Browsing Data|https://thehackernews.com/2024/02/ftc-slams-avast-with-165-million-fine.html
https://feeds.feedburner.com/TheHackersNews|2024-02-22|Apple Unveils PQ3 Protocol - Post-Quantum Encryption for iMessage|https://thehackernews.com/2024/02/apple-unveils-pq3-protocol-post-quantum.html
https://feeds.feedburner.com/TheHackersNews|2024-02-22|Cybercriminals Weaponizing Open-Source SSH-Snake Tool for Network Attacks|https://thehackernews.com/2024/02/cybercriminals-weaponizing-open-source.html
https://feeds.feedburner.com/TheHackersNews|2024-02-22|A New Age of Hacktivism|https://thehackernews.com/2024/02/a-new-age-of-hacktivism.html
https://feeds.feedburner.com/TheHackersNews|2024-02-22|Russian Government Software Backdoored to Deploy Konni RAT Malware|https://thehackernews.com/2024/02/russian-government-software-backdoored.html
https://feeds.feedburner.com/TheHackersNews|2024-02-22|U.S. Offers $15 Million Bounty to Hunt Down LockBit Ransomware Leaders|https://thehackernews.com/2024/02/us-offers-15-million-bounty-to-hunt.html
https://feeds.feedburner.com/TheHackersNews|2024-02-21|New Wi-Fi Vulnerabilities Expose Android and Linux Devices to Hackers|https://thehackernews.com/2024/02/new-wi-fi-vulnerabilities-expose.html
https://feeds.feedburner.com/TheHackersNews|2024-02-21|Mustang Panda Targets Asia with Advanced PlugX Variant DOPLUGS|https://thehackernews.com/2024/02/mustang-panda-targets-asia-with.html
https://feeds.feedburner.com/TheHackersNews|2024-02-21|6 Ways to Simplify SaaS Identity Governance|https://thehackernews.com/2024/02/6-ways-to-simplify-saas-identity.html
https://feeds.feedburner.com/TheHackersNews|2024-02-21|New 'VietCredCare' Stealer Targeting Facebook Advertisers in Vietnam|https://thehackernews.com/2024/02/new-vietcredcare-stealer-targeting.html
https://feeds.feedburner.com/TheHackersNews|2024-02-21|Cybersecurity for Healthcare—Diagnosing the Threat Landscape and Prescribing Solutions for Recovery|https://thehackernews.com/2024/02/cybersecurity-for-healthcarediagnosing.html
https://feeds.feedburner.com/TheHackersNews|2024-02-21|Signal Introduces Usernames, Allowing Users to Keep Their Phone Numbers Private|https://thehackernews.com/2024/02/signal-introduces-usernames-allowing.html
https://feeds.feedburner.com/TheHackersNews|2024-02-21|Russian Hackers Target Ukraine with Disinformation and Credential-Harvesting Attacks|https://thehackernews.com/2024/02/russian-hackers-target-ukraine-with.html
https://feeds.feedburner.com/TheHackersNews|2024-02-21|VMware Alert: Uninstall EAP Now - Critical Flaw Puts Active Directory at Risk|https://thehackernews.com/2024/02/vmware-alert-uninstall-eap-now-critical.html
https://feeds.feedburner.com/TheHackersNews|2024-02-20|New Migo Malware Targeting Redis Servers for Cryptocurrency Mining|https://thehackernews.com/2024/02/new-migo-malware-targeting-redis.html
https://feeds.feedburner.com/TheHackersNews|2024-02-20|LockBit Ransomware Operation Shut Down; Criminals Arrested; Decryption Keys Released|https://thehackernews.com/2024/02/lockbit-ransomware-operation-shut-down.html
https://feeds.feedburner.com/TheHackersNews|2024-02-20|New Malicious PyPI Packages Caught Using Covert Side-Loading Tactics|https://thehackernews.com/2024/02/new-malicious-pypi-packages-caught.html
https://feeds.feedburner.com/TheHackersNews|2024-02-20|New Report Reveals North Korean Hackers Targeting Defense Firms Worldwide|https://thehackernews.com/2024/02/new-report-reveals-north-korean-hackers.html
https://feeds.feedburner.com/TheHackersNews|2024-02-20|SaaS Compliance through the NIST Cybersecurity Framework|https://thehackernews.com/2024/02/saas-compliance-through-nist.html
https://securelist.com/feed/|2024-02-27|An educational robot security research|https://securelist.com/smart-robot-security-research/111938/
https://securelist.com/feed/|2024-02-26|The mobile malware threat landscape in 2023|https://securelist.com/mobile-malware-report-2023/111964/
https://securelist.com/feed/|2024-02-08|Coyote: A multi-stage banking Trojan abusing the Squirrel installer|https://securelist.com/coyote-multi-stage-banking-trojan/111846/
https://securelist.com/feed/|2024-01-31|ICS and OT threat predictions for 2024|https://securelist.com/ksb-ics-predictions-2024/111835/
https://securelist.com/feed/|2024-01-25|Privacy predictions for 2024|https://securelist.com/ksb-privacy-predictions-2024/111815/
https://securelist.com/feed/|2024-01-22|Cracked software beats gold: new macOS backdoor stealing cryptowallets|https://securelist.com/new-macos-backdoor-crypto-stealer/111778/
https://securelist.com/feed/|2024-01-17|Dark web threats and dark market predictions for 2024|https://securelist.com/darknet-predictions-for-2024/111763/
https://securelist.com/feed/|2024-01-16|A lightweight method to detect potential iOS malware|https://securelist.com/shutdown-log-lightweight-ios-malware-detection-method/111734/
https://securelist.com/feed/|2023-12-27|Operation Triangulation: The last (hardware) mystery|https://securelist.com/operation-triangulation-the-last-hardware-mystery/111669/
https://securelist.com/feed/|2023-12-21|Windows CLFS and five exploits used by ransomware operators (Exploit #4 – CVE-2023-23376)|https://securelist.com/windows-clfs-exploits-ransomware-cve-2023-23376/111593/
https://feeds.fortinet.com/fortinet/blog/psirt&x=1|2024-02-07|The Importance of Patching: An Analysis of the Exploitation of N-Day Vulnerabilities|https://feeds.fortinet.com/~/869182634/0/fortinet/blog/psirt~The-Importance-of-Patching-An-Analysis-of-the-Exploitation-of-NDay-Vulnerabilities
https://feeds.fortinet.com/fortinet/blog/psirt&x=1|2023-06-12|Analysis of CVE-2023-27997 and Clarifications on Volt Typhoon Campaign|https://feeds.fortinet.com/~/745680218/0/fortinet/blog/psirt~Analysis-of-CVE-and-Clarifications-on-Volt-Typhoon-Campaign
https://feeds.fortinet.com/fortinet/blog/psirt&x=1|2023-03-09|Analysis of FG-IR-22-369|https://feeds.fortinet.com/~/730507094/0/fortinet/blog/psirt~Analysis-of-FGIR
https://feeds.fortinet.com/fortinet/blog/psirt&x=1|2023-02-23|Perspectives: FortiNAC and CVE-2022-39952|https://feeds.fortinet.com/~/728436368/0/fortinet/blog/psirt~Perspectives-FortiNAC-and-CVE
https://feeds.fortinet.com/fortinet/blog/psirt&x=1|2023-01-11|Analysis of FG-IR-22-398 – FortiOS - heap-based buffer overflow in SSLVPNd|https://feeds.fortinet.com/~/724040132/0/fortinet/blog/psirt~Analysis-of-FGIR-%e2%80%93-FortiOS-heapbased-buffer-overflow-in-SSLVPNd
https://feeds.fortinet.com/fortinet/blog/psirt&x=1|2022-10-14|Update Regarding CVE-2022-40684|https://feeds.fortinet.com/~/715631578/0/fortinet/blog/psirt~Update-Regarding-CVE
https://feeds.fortinet.com/fortinet/blog/psirt&x=1|2021-12-12|Apache Log4j Vulnerability|https://feeds.fortinet.com/~/675017644/0/fortinet/blog/psirt~Apache-Logj-Vulnerability
https://feeds.fortinet.com/fortinet/blog/psirt&x=1|2021-09-30|Fortinet and Expiring Let’s Encrypt Certificates|https://feeds.fortinet.com/~/668249702/0/fortinet/blog/psirt~Fortinet-and-Expiring-Let%e2%80%99s-Encrypt-Certificates
https://feeds.fortinet.com/fortinet/blog/psirt&x=1|2021-09-08|Malicious Actor Discloses FortiGate SSL-VPN Credentials|https://feeds.fortinet.com/~/665471762/0/fortinet/blog/psirt~Malicious-Actor-Discloses-FortiGate-SSLVPN-Credentials
https://feeds.fortinet.com/fortinet/blog/psirt&x=1|2021-08-19|PSIRT and Responsible Disclosure|https://feeds.fortinet.com/~/663088064/0/fortinet/blog/psirt~PSIRT-and-Responsible-Disclosure
https://www.forcepoint.com/rss.xml|2024-02-26|Online Travelers at Risk: Agent Tesla Malware Attacks Travel Industry|https://www.forcepoint.com/blog/x-labs/agent-tesla-malware-attacks-travel-industry
https://www.forcepoint.com/rss.xml|2024-02-14|Network DLP vs. Endpoint DLP (and Why Both Are Critical)|https://www.forcepoint.com/blog/insights/network-dlp-vs-endpoint-dlp
https://www.forcepoint.com/rss.xml|2024-02-12|SD-WAN Offers True Data Security and Efficiency Gains Over MPLS|https://www.forcepoint.com/blog/insights/why-sd-wan-overtook-mpls
https://www.forcepoint.com/rss.xml|2024-02-06|BYOD Security Risks: Anticipate Them and Beat Them|https://www.forcepoint.com/blog/insights/beat-byod-security-risks
https://www.forcepoint.com/rss.xml|2024-02-05|Forcepoint Expands AMDP Deployment Options|https://www.forcepoint.com/blog/insights/expanded-amdp-deployment-options
https://www.forcepoint.com/rss.xml|2024-01-31|IDC Whitepaper on Unified DLP Policies: A Productivity Revolution|https://www.forcepoint.com/blog/insights/idc-unified-dlp-policies-productivity-revolution
https://www.forcepoint.com/rss.xml|2024-01-30|A New Name with an Unwavering Mission|https://www.forcepoint.com/blog/insights/forcepoint-federal-now-everfox-defense-grade-cybersecurity
https://www.forcepoint.com/rss.xml|2024-01-24|Forcepoint ONE FedRAMP certified security with Remote Browser Isolation|https://www.forcepoint.com/blog/insights/forcepoint-one-fedramp-remote-browser-isolation
https://www.forcepoint.com/rss.xml|2024-01-17|DLP for Cloud Email Extends Data Security Across Devices|https://www.forcepoint.com/blog/insights/dlp-cloud-email-extends-data-security-across-devices
https://www.forcepoint.com/rss.xml|2024-01-16|Federal Guidelines and Guests: A To The Point Cybersecurity Podcast Recap|https://www.forcepoint.com/blog/insights/federal-guidelines-and-cybersecurity-podcast-recap
https://blog.xpnsec.com/rss.xml|2023-10-04|"MacOS ""DirtyNIB"" Vulnerability"|https://blog.xpnsec.com/dirtynib/
https://blog.xpnsec.com/rss.xml|2023-10-02|Okta for Red Teamers|https://blog.xpnsec.com/okta-for-redteamers/
https://blog.xpnsec.com/rss.xml|2023-08-13|LAPS 2.0 Internals|https://blog.xpnsec.com/LAPSv2-Internals/
https://blog.xpnsec.com/rss.xml|2023-08-09|PNG Steganography from First Principles|https://blog.xpnsec.com/png-steganography/
https://blog.xpnsec.com/rss.xml|2023-02-04|Building a Custom Mach-O Memory Loader for macOS - Part 1|https://blog.xpnsec.com/building-a-mach-o-memory-loader-part-1/
https://fetchrss.com/rss/65b0eb775582bd1c19083c4365b0fdb664898a0daa63bef4.xml|2024-02-28|From refresh token theft to global admin|https://threats.wiz.io/all-incidents/from-refresh-token-theft-to-global-admin
https://fetchrss.com/rss/65b0eb775582bd1c19083c4365b0fdb664898a0daa63bef4.xml|2024-02-28|Almerys breach|https://threats.wiz.io/all-incidents/almerys-breach
https://fetchrss.com/rss/65b0eb775582bd1c19083c4365b0fdb664898a0daa63bef4.xml|2024-02-28|Viamedis breach|https://threats.wiz.io/all-incidents/viamedis-breach
https://fetchrss.com/rss/65b0eb775582bd1c19083c4365b0fdb664898a0daa63bef4.xml|2024-02-25|Lucifer Botnet Targeting Apache Hadoop|https://threats.wiz.io/all-incidents/lucifer-botnet-targeting-apache-hadoop
https://fetchrss.com/rss/65b0eb775582bd1c19083c4365b0fdb664898a0daa63bef4.xml|2024-02-22|Migo cryptominer targeting Redis|https://threats.wiz.io/all-incidents/migo-cryptominer-targeting-redis
https://fetchrss.com/rss/65b0eb775582bd1c19083c4365b0fdb664898a0daa63bef4.xml|2024-02-22|CGI Federal incident|https://threats.wiz.io/all-incidents/cgi-federal-incident
https://fetchrss.com/rss/65b0eb775582bd1c19083c4365b0fdb664898a0daa63bef4.xml|2024-02-21|S3 ransomware scam|https://threats.wiz.io/all-incidents/s3-ransomware-scam
https://fetchrss.com/rss/65b0eb775582bd1c19083c4365b0fdb664898a0daa63bef4.xml|2024-02-21|SSH-Snake Confluence targeting campaign|https://threats.wiz.io/all-incidents/ssh-snake-confluence-targeting-campaign
https://fetchrss.com/rss/65b0eb775582bd1c19083c4365b0fdb664898a0daa63bef4.xml|2024-02-18|C3RB3R exploits Confluence vulnerability|https://threats.wiz.io/all-incidents/c3rb3r-exploits-confluence-vulnerability
https://fetchrss.com/rss/65b0eb775582bd1c19083c4365b0fdb664898a0daa63bef4.xml|2024-02-18|Würk exposed database|https://threats.wiz.io/all-incidents/wrk-exposed-database
https://fetchrss.com/rss/65b0eb775582bd1c19083c4365b0fdb664898a0daa63bef4.xml|2024-02-18|Juniper support portal exposure|https://threats.wiz.io/all-incidents/juniper-support-portal-exposure
https://fetchrss.com/rss/65b0eb775582bd1c19083c4365b0fdb664898a0daa63bef4.xml|2024-02-18|WinStar exposed app database|https://threats.wiz.io/all-incidents/winstar-exposed-app-database
https://fetchrss.com/rss/65b0eb775582bd1c19083c4365b0fdb664898a0daa63bef4.xml|2024-02-18|BMW exposed cloud storage|https://threats.wiz.io/all-incidents/bmw-exposed-cloud-storage
https://fetchrss.com/rss/65b0eb775582bd1c19083c4365b0fdb664898a0daa63bef4.xml|2024-02-18|U.S. Internet exposed email server|https://threats.wiz.io/all-incidents/us-internet-exposed-email-server
https://fetchrss.com/rss/65b0eb775582bd1c19083c4365b0fdb664898a0daa63bef4.xml|2024-02-18|Zenlayer exposed database|https://threats.wiz.io/all-incidents/zenlayer-exposed-database
https://fetchrss.com/rss/65b0eb775582bd1c19083c4365b0fdb664898a0daa63bef4.xml|2024-02-14|Football Australia exposed cloud key in website|https://threats.wiz.io/f4bd0953f811405baa7c5267f8a1e993
https://fetchrss.com/rss/65b0eb775582bd1c19083c4365b0fdb664898a0daa63bef4.xml|2024-02-11|New Relic incident (November 2023)|https://threats.wiz.io/all-incidents/new-relic-incident-november-2023
https://fetchrss.com/rss/65b0eb775582bd1c19083c4365b0fdb664898a0daa63bef4.xml|2024-02-06|Cloudflare incident following Okta breach|https://threats.wiz.io/all-incidents/cloudflare-incident-following-okta-breach
https://fetchrss.com/rss/65b0eb775582bd1c19083c4365b0fdb664898a0daa63bef4.xml|2024-02-06|ECS Fargate cryptojacking|https://threats.wiz.io/all-incidents/ecs-fargate-cryptojacking
https://fetchrss.com/rss/65b0eb775582bd1c19083c4365b0fdb664898a0daa63bef4.xml|2024-02-06|S3 data exfiltration|https://threats.wiz.io/all-incidents/s3-data-exfiltration
https://fetchrss.com/rss/65b0eb775582bd1c19083c4365b0fdb664898a0daa63bef4.xml|2024-02-02|DangerDev SES abuse incident|https://threats.wiz.io/all-incidents/dangerdev-ses-abuse-incident
https://fetchrss.com/rss/65b0eb775582bd1c19083c4365b0fdb664898a0daa63bef4.xml|2024-02-02|Commando Cat campaign|https://threats.wiz.io/all-incidents/commando-cat-campaign
https://fetchrss.com/rss/65b0eb775582bd1c19083c4365b0fdb664898a0daa63bef4.xml|2024-01-31|Mimic used by Trigona operators|https://threats.wiz.io/all-incidents/trigona-ransomware-infecting-misconfigured-mssql-servers
https://fetchrss.com/rss/65b0eb775582bd1c19083c4365b0fdb664898a0daa63bef4.xml|2024-01-28|Microsoft e mail exfiltration by Nobelium|https://threats.wiz.io/all-incidents/microsoft-email-exfiltration-by-nobelium
https://fetchrss.com/rss/65b0eb775582bd1c19083c4365b0fdb664898a0daa63bef4.xml|2024-01-28|Mercedes-Benz source code exposure|https://threats.wiz.io/all-incidents/mercedes-benz-source-code-exposure
https://unit42.paloaltonetworks.com/feed/|2024-02-29|The Art of Domain Deception: Bifrost's New Tactic to Deceive Users|https://unit42.paloaltonetworks.com/new-linux-variant-bifrost-malware/
https://unit42.paloaltonetworks.com/feed/|2024-02-28|Navigating the Cloud: Exploring Lateral Movement Techniques|https://unit42.paloaltonetworks.com/cloud-lateral-movement-techniques/
https://unit42.paloaltonetworks.com/feed/|2024-02-24|Data From Chinese Security Services Company i-Soon Linked to Previous Chinese APT Campaigns|https://unit42.paloaltonetworks.com/i-soon-data-leaks/
https://unit42.paloaltonetworks.com/feed/|2024-02-23|Intruders in the Library: Exploring DLL Hijacking|https://unit42.paloaltonetworks.com/dll-hijacking-techniques/
https://unit42.paloaltonetworks.com/feed/|2024-02-22|Threat Brief: ConnectWise ScreenConnect Vulnerabilities (CVE-2024-1708 and CVE-2024-1709)|https://unit42.paloaltonetworks.com/connectwise-threat-brief-cve-2024-1708-cve-2024-1709/
https://unit42.paloaltonetworks.com/feed/|2024-02-20|2024 Unit 42 Incident Response Report: Navigating the Shift in Cybersecurity Threat Tactics|https://unit42.paloaltonetworks.com/unit42-incident-response-report-2024-threat-guide/
https://unit42.paloaltonetworks.com/feed/|2024-02-14|Threat Brief: Attacks on Critical Infrastructure Attributed to Insidious Taurus (Volt Typhoon)|https://unit42.paloaltonetworks.com/volt-typhoon-threat-brief/
https://unit42.paloaltonetworks.com/feed/|2024-02-13|New Vulnerability in QNAP QTS Firmware: CVE-2023-50358|https://unit42.paloaltonetworks.com/qnap-qts-firmware-cve-2023-50358/
https://unit42.paloaltonetworks.com/feed/|2024-02-12|Diving Into Glupteba's UEFI Bootkit|https://unit42.paloaltonetworks.com/glupteba-malware-uefi-bootkit/
https://unit42.paloaltonetworks.com/feed/|2024-02-05|Ransomware Retrospective 2024: Unit 42 Leak Site Analysis|https://unit42.paloaltonetworks.com/unit-42-ransomware-leak-site-data-analysis/
https://unit42.paloaltonetworks.com/feed/|2024-02-02|Exploring the Latest Mispadu Stealer Variant|https://unit42.paloaltonetworks.com/mispadu-infostealer-variant/
https://unit42.paloaltonetworks.com/feed/|2024-01-31|ApateWeb: An Evasive Large-Scale Scareware and PUP Delivery Campaign|https://unit42.paloaltonetworks.com/apateweb-scareware-pup-delivery-campaign/
https://unit42.paloaltonetworks.com/feed/|2024-01-23|Threat Assessment: BianLian|https://unit42.paloaltonetworks.com/bianlian-ransomware-group-threat-assessment/
https://unit42.paloaltonetworks.com/feed/|2024-01-19|Parrot TDS: A Persistent and Evolving Malware Campaign|https://unit42.paloaltonetworks.com/parrot-tds-javascript-evolution-analysis/
https://unit42.paloaltonetworks.com/feed/|2024-01-16|Threat Brief: Multiple Ivanti Vulnerabilities (Updated Feb. 8)|https://unit42.paloaltonetworks.com/threat-brief-ivanti-cve-2023-46805-cve-2024-21887/
https://feeds.fortinet.com/fortinet/blog/threat-research&x=1|2024-02-27|FortiGuard Labs Outbreak Alerts Annual Report 2023: A Glimpse into the Evolving Threat Landscape|https://feeds.fortinet.com/~/872290430/0/fortinet/blog/threat-research~FortiGuard-Labs-Outbreak-Alerts-Annual-Report-A-Glimpse-into-the-Evolving-Threat-Landscape
https://feeds.fortinet.com/fortinet/blog/threat-research&x=1|2024-02-26|Ransomware Roundup – Abyss Locker|https://feeds.fortinet.com/~/872215307/0/fortinet/blog/threat-research~Ransomware-Roundup-%e2%80%93-Abyss-Locker
https://feeds.fortinet.com/fortinet/blog/threat-research&x=1|2024-02-15|Android/SpyNote Moves to Crypto Currencies|https://feeds.fortinet.com/~/870392525/0/fortinet/blog/threat-research~AndroidSpyNote-Moves-to-Crypto-Currencies
https://feeds.fortinet.com/fortinet/blog/threat-research&x=1|2024-02-14|TicTacToe Dropper|https://feeds.fortinet.com/~/869921006/0/fortinet/blog/threat-research~TicTacToe-Dropper
https://feeds.fortinet.com/fortinet/blog/threat-research&x=1|2024-02-05|Python Info-stealer Distributed by Malicious Excel Document|https://feeds.fortinet.com/~/868563287/0/fortinet/blog/threat-research~Python-Infostealer-Distributed-by-Malicious-Excel-Document
https://feeds.fortinet.com/fortinet/blog/threat-research&x=1|2024-01-26|Ransomware Roundup - Albabat|https://feeds.fortinet.com/~/866013446/0/fortinet/blog/threat-research~Ransomware-Roundup-Albabat
https://feeds.fortinet.com/fortinet/blog/threat-research&x=1|2024-01-25|Another Phobos Ransomware Variant Launches Attack – FAUST|https://feeds.fortinet.com/~/865729472/0/fortinet/blog/threat-research~Another-Phobos-Ransomware-Variant-Launches-Attack-%e2%80%93-FAUST
https://feeds.fortinet.com/fortinet/blog/threat-research&x=1|2024-01-22|Info Stealing Packages Hidden in PyPI|https://feeds.fortinet.com/~/864564335/0/fortinet/blog/threat-research~Info-Stealing-Packages-Hidden-in-PyPI
https://feeds.fortinet.com/fortinet/blog/threat-research&x=1|2024-01-08|Deceptive Cracked Software Spreads Lumma Variant on YouTube|https://feeds.fortinet.com/~/859611752/0/fortinet/blog/threat-research~Deceptive-Cracked-Software-Spreads-Lumma-Variant-on-YouTube
https://feeds.fortinet.com/fortinet/blog/threat-research&x=1|2024-01-03|Three New Malicious PyPI Packages Deploy CoinMiner on Linux Devices|https://feeds.fortinet.com/~/857991182/0/fortinet/blog/threat-research~Three-New-Malicious-PyPI-Packages-Deploy-CoinMiner-on-Linux-Devices
https://www.sentinelone.com/feed/|2024-02-28|More From Our Main Blog: Simplifying the Security Analyst Experience with Open Cybersecurity Schema Framework (OCSF)|https://www.sentinelone.com/blog/simplifying-the-security-analyst-experience-with-open-cybersecurity-schema-framework-ocsf/
https://www.sentinelone.com/feed/|2023-12-20|"2023 Counter Ransomware Initiative Summit | Stepping Up Global Collaboration in Cybersecurity"|https://fr.sentinelone.com/blog/the-2023-counter-ransomware-initiative-summit-stepping-up-global-collaboration-in-cybersecurity/
https://www.sentinelone.com/feed/|2023-12-08|"Threat Actor Interplay | Good Day’s Victim Portals and Their Ties to Cloak"|https://fr.sentinelone.com/blog/threat-actor-interplay-good-days-victim-portals-and-their-ties-to-cloak/
https://www.sentinelone.com/feed/|2022-06-23|Six idées reçues dont doivent se méfier  les conseils d’administration des entreprises|https://fr.sentinelone.com/blog/on-the-board-of-directors-beware-of-these-six-common-cyber-security-myths/
https://www.sentinelone.com/feed/|2022-06-08|Dix conseils pour protéger votre annuaire Active Directory|https://fr.sentinelone.com/blog/top-10-ways-to-protect-your-active-directory/
https://www.sentinelone.com/feed/|2022-05-12|Cloud : quelles sont les menaces les plus dangereuses et comment s’en protéger ?|https://fr.sentinelone.com/blog/threat-landscape-the-most-dangerous-cloud-attack-methods-in-the-wild-today/
https://www.sentinelone.com/feed/|2022-05-11|Comprendre la différence entre EDR, SIEM, SOAR et XDR|https://fr.sentinelone.com/blog/understanding-the-difference-between-edr-siem-soar-and-xdr/
https://www.sentinelone.com/feed/|2022-04-28|Les vulnérabilités les plus couramment exploitées en 2022|https://fr.sentinelone.com/blog/enterprise-security-essentials-top-15-most-routinely-exploited-vulnerabilities-2022/
https://www.sentinelone.com/feed/|2022-04-25|Comment défendre l’entreprise contre les risques liés à la chaîne logistique en 2022 ?|https://fr.sentinelone.com/blog/defending-the-enterprise-against-digital-supply-chain-risk-in-2022/
https://www.sentinelone.com/feed/|2022-03-17|Faire entrer l’identité dans l’ère du XDR|https://fr.sentinelone.com/blog/bringing-identity-to-the-era-of-xdr/
https://www.sentinelone.com/feed/|2022-03-10|Guerre en Ukraine : impact des cyberattaques et conseils aux RSSI|https://fr.sentinelone.com/blog/guerre-en-ukraine-impact-des-cyberattaques-et-conseils-aux-rssi/
https://www.lemagit.fr/rss/ContentSyndication.xml|2024-02-29|Cyberattaques : arrêtons d’alimenter les craintes pour la réputation|https://www.lemagit.fr/tribune/Cyberattaques-arretons-dalimenter-les-craintes-pour-la-reputation
https://www.lemagit.fr/rss/ContentSyndication.xml|2024-02-29|Combien de PME mettent la clé sous la porte après une cyberattaque ?|https://www.lemagit.fr/conseil/Combien-de-PME-mettent-la-cle-sous-la-porte-apres-une-cyberattaque
https://www.lemagit.fr/rss/ContentSyndication.xml|2024-02-29|3 conseils pour protéger les sauvegardes des ransomwares|https://www.lemagit.fr/conseil/3-conseils-pour-proteger-les-sauvegardes-des-ransomwares
https://www.lemagit.fr/rss/ContentSyndication.xml|2024-02-28|GenAI-L : Lefebvre Sarrut lance son assistant d’IA générative en France|https://www.lemagit.fr/actualites/366571636/GenAI-L-Lefebvre-Sarrut-lance-son-assistant-dIA-generative-en-France
https://www.lemagit.fr/rss/ContentSyndication.xml|2024-02-28|IA générative : Sage lance à son tour un Copilot|https://www.lemagit.fr/actualites/366571715/IA-generative-Sage-lance-a-son-tour-un-Copilot
https://www.lemagit.fr/rss/ContentSyndication.xml|2024-02-28|Vulnérabilités ScreenConnect : Black Basta et Bl00dy se font plaisir|https://www.lemagit.fr/actualites/366571698/Vulnerabilites-ScreenConnect-Black-Basta-et-Bl00dy-se-font-plaisir
https://www.lemagit.fr/rss/ContentSyndication.xml|2024-02-28|Compromission de comptes d’allocataires : que comprendre de ce que dit la CAF|https://www.lemagit.fr/actualites/366571635/Compromission-de-comptes-dallocataires-que-comprendre-de-ce-que-dit-la-CAF
https://www.lemagit.fr/rss/ContentSyndication.xml|2024-02-28|MWC : la fibre sur le point de remplacer le RJ45 dans les réseaux locaux|https://www.lemagit.fr/actualites/366571652/MWC-La-fibre-sur-le-point-de-remplacer-le-RJ45-dans-les-reseaux-locaux
https://www.lemagit.fr/rss/ContentSyndication.xml|2024-02-27|Premières réflexions sur la vente de VMware EUC au fonds d’investissement KKR|https://www.lemagit.fr/tribune/Premieres-reflexions-sur-la-vente-de-VMware-EUC-au-fonds-dinvestissement-KKR
https://www.lemagit.fr/rss/ContentSyndication.xml|2024-02-27|Broadcom vend sa division VMware EUC à KKR pour 3,8 milliards de dollars|https://www.lemagit.fr/actualites/366571592/Broadcom-vend-sa-division-VMware-EUC-a-KKR-pour-38-milliards-de-dollars
https://www.lemagit.fr/rss/ContentSyndication.xml|2024-02-27|Les graduations et la CNCF : le cas Linkerd ravive le débat|https://www.lemagit.fr/actualites/366571520/Les-graduations-et-la-CNCF-le-cas-Linkerd-ravive-le-debat
https://www.lemagit.fr/rss/ContentSyndication.xml|2024-02-27|Avec Pulse, Tableau combine suivi de métriques, GenAI et Data Storytelling|https://www.lemagit.fr/dessin/Avec-Pulse-Tableau-combine-suivi-de-metriques-GenAI-et-Data-Storytelling
https://www.lemagit.fr/rss/ContentSyndication.xml|2024-02-27|Data & IA : « 10 % », le programme de l’État pour fidéliser ses talents|https://www.lemagit.fr/etude/Data-IA-10-le-programme-de-lEtat-pour-fideliser-les-talents
https://www.lemagit.fr/rss/ContentSyndication.xml|2024-02-27|Pour mieux rivaliser avec OpenAI, Mistral s’associe à… Microsoft|https://www.lemagit.fr/actualites/366571498/Pour-mieux-rivaliser-avec-OpenAI-Mistral-sassocie-aMicrosoft
https://www.lemagit.fr/rss/ContentSyndication.xml|2024-02-27|GCA : une revendication apparaît sur la vitrine de RansomHouse|https://www.lemagit.fr/actualites/366570358/Logistique-le-Francais-GCA-a-nouveau-victime-dune-cyberattaque
https://www.lemagit.fr/rss/ContentSyndication.xml|2024-02-26|Administration : trouvez et personnalisez votre profil PowerShell|https://www.lemagit.fr/conseil/Administration-trouvez-et-personnalisez-votre-profil-PowerShell
https://www.lemagit.fr/rss/ContentSyndication.xml|2024-02-26|Avec Pulse, Tableau combine suivi de métriques, GenAI et Data Storytelling|https://www.lemagit.fr/actualites/366571453/Avec-Pulse-Tableau-combine-suivi-de-metriques-GenAI-et-Data-Storytelling
https://www.lemagit.fr/rss/ContentSyndication.xml|2024-02-26|Ransomware : des franchises comme autant d’écrans de fumée|https://www.lemagit.fr/tribune/Ransomware-des-franchises-comme-autant-decrans-de-fumee
https://www.lemagit.fr/rss/ContentSyndication.xml|2024-02-26|Après l’opération Cronos, LockBit cherche à donner l’impression de rebondir|https://www.lemagit.fr/actualites/366571375/Apres-loperation-Cronos-LockBit-cherche-a-donner-limpression-de-rebondir
https://www.lemagit.fr/rss/ContentSyndication.xml|2024-02-26|Espace de données industrielles : lancement de Data4Industry-X|https://www.lemagit.fr/actualites/366571338/Espace-de-donnees-industrielles-lancement-de-Data4Industry-X
