Date|Group|Nombre d'attaques
2024-02-15|alphv|1
2024-02-15|medusa|1
2024-02-15|qilin|3
2024-02-14|qilin|4
2024-02-14|lockbit3|16
2024-02-14|akira|1
2024-02-14|mydata|1
2024-02-14|trigona|2
2024-02-14|abyss|1
2024-02-14|hunters|1
2024-02-14|8base|3
2024-02-14|alphv|1
2024-02-13|lockbit3|17
2024-02-13|blackbasta|7
2024-02-13|qilin|1
2024-02-13|hunters|3
2024-02-13|alphv|6
2024-02-13|akira|1
2024-02-12|lockbit3|27
2024-02-12|threeam|1
2024-02-12|blacksuit|2
2024-02-12|knight|1
2024-02-12|cloak|3
2024-02-12|alphv|3
2024-02-12|medusa|4
2024-02-12|meow|4
2024-02-12|hunters|1
2024-02-12|cactus|1
2024-02-11|8base|1
2024-02-11|abyss|2
2024-02-11|medusa|2
2024-02-11|bianlian|2
2024-02-11|alphv|3
2024-02-11|qilin|3
2024-02-11|lockbit3|2
2024-02-10|bianlian|4
2024-02-10|qilin|1
2024-02-10|ransomhub|1
2024-02-10|hunters|10
2024-02-10|abyss|1
2024-02-10|lockbit3|10
2024-02-10|alphv|1
2024-02-10|incransom|1
2024-02-09|lockbit3|22
2024-02-09|bianlian|5
2024-02-09|alphv|1
2024-02-09|qilin|2
2024-02-09|blackbasta|1
2024-02-09|abyss|1
2024-02-09|cactus|1
2024-02-09|werewolves|1
2024-02-09|blacksuit|2
2024-02-09|akira|2
2024-02-08|akira|4
2024-02-08|hunters|1
2024-02-08|lockbit3|4
2024-02-08|alphv|1
2024-02-08|abyss|2
2024-02-08|play|5
2024-02-07|play|7
2024-02-07|blacksuit|2
2024-02-07|akira|1
2024-02-07|abyss|1
2024-02-07|medusa|1
2024-02-07|bianlian|1
2024-02-07|lockbit3|4
2024-02-07|8base|10
2024-02-07|ransomhouse|2
2024-02-06|alphv|2
2024-02-06|abyss|1
2024-02-06|bianlian|3
2024-02-06|akira|2
2024-02-06|ransomhouse|2
2024-02-06|medusa|1
2024-02-06|qilin|1
2024-02-06|cactus|2
2024-02-06|lockbit3|6
2024-02-06|play|13
2024-02-06|blackbasta|1
2024-02-05|lockbit3|18
2024-02-05|knight|1
2024-02-05|alphv|1
2024-02-05|blacksuit|1
2024-02-05|akira|1
2024-02-05|bianlian|1
2024-02-05|snatch|1
2024-02-05|donutleaks|1
2024-02-04|bianlian|2
2024-02-04|lockbit3|2
2024-02-04|qilin|1
2024-02-04|knight|1
2024-02-03|bianlian|1
2024-02-03|lockbit3|2
2024-02-03|medusa|1
2024-02-02|medusa|1
2024-02-02|bianlian|7
2024-02-02|lockbit3|5
2024-02-02|knight|1
2024-02-02|threeam|1
2024-02-02|play|2
2024-02-01|knight|2
2024-02-01|cloak|1
2024-02-01|threeam|1
2024-02-01|lockbit3|11
2024-02-01|akira|2
2024-02-01|cuba|2
2024-02-01|rhysida|2
2024-02-01|meow|1
2024-02-01|medusa|1
2024-02-01|bianlian|2
2024-02-01|everest|2
2024-01-31|lockbit3|8
2024-01-31|qilin|2
2024-01-31|medusa|1
2024-01-31|alphv|3
2024-01-31|akira|2
2024-01-31|blacksuit|2
2024-01-31|trigona|4
2024-01-31|8base|9
2024-01-30|incransom|5
2024-01-30|cactus|2
2024-01-30|lockbit3|3
2024-01-30|bianlian|2
2024-01-30|alphv|1
2024-01-29|lockbit3|5
2024-01-29|akira|6
2024-01-29|trigona|1
2024-01-29|knight|2
2024-01-29|incransom|5
2024-01-29|alphv|3
2024-01-29|bianlian|3
2024-01-28|qilin|1
2024-01-27|cactus|2
2024-01-27|abyss|2
2024-01-26|incransom|1
2024-01-26|medusa|3
2024-01-26|bianlian|3
2024-01-26|lockbit3|4
2024-01-26|snatch|1
2024-01-26|akira|8
2024-01-26|blackbasta|1
2024-01-26|mydata|1
2024-01-26|cactus|2
2024-01-26|alphv|1
2024-01-26|qilin|1
2024-01-25|bianlian|4
2024-01-25|incransom|1
2024-01-25|0mega|2
2024-01-25|lockbit3|2
2024-01-25|medusa|1
2024-01-25|blackbasta|2
2024-01-25|akira|2
2024-01-25|qilin|3
2024-01-24|alphv|2
2024-01-24|ransomhouse|2
2024-01-24|hunters|4
2024-01-24|snatch|1
2024-01-24|lockbit3|3
2024-01-24|clop|1
2024-01-24|cloak|1
2024-01-24|mydata|6
2024-01-24|akira|2
2024-01-24|medusa|3
2024-01-24|meow|1
2024-01-24|abyss|2
2024-01-24|8base|6
2024-01-23|alphv|3
2024-01-23|abyss|2
2024-01-23|lockbit3|3
2024-01-23|akira|6
2024-01-23|blackbasta|10
2024-01-23|cactus|1
2024-01-23|monti|2
2024-01-23|hunters|2
2024-01-23|medusa|4
2024-01-23|8base|2
2024-01-23|bianlian|1
2024-01-23|ransomhouse|1
2024-01-22|ransomhouse|1
2024-01-22|lockbit3|22
2024-01-22|blackbasta|2
2024-01-22|cuba|2
2024-01-22|hunters|1
2024-01-22|medusa|4
2024-01-22|alphv|1
2024-01-21|lockbit3|14
2024-01-21|bianlian|5
2024-01-20|incransom|1
2024-01-20|cactus|1
2024-01-20|akira|2
2024-01-20|lockbit3|5
2024-01-20|alphv|3
2024-01-20|moneymessage|1
2024-01-20|play|1
2024-01-20|qilin|1
2024-01-19|moneymessage|1
2024-01-19|lockbit3|11
2024-01-19|incransom|1
2024-01-19|play|1
2024-01-19|akira|2
2024-01-19|alphv|1
2024-01-19|hunters|1
2024-01-19|qilin|1
2024-01-19|8base|1
2024-01-19|bianlian|2
2024-01-18|trigona|4
2024-01-18|stormous|1
2024-01-18|blacksuit|2
2024-01-18|bianlian|2
2024-01-18|lockbit3|4
2024-01-18|hunters|1
2024-01-18|slug|1
2024-01-17|akira|3
2024-01-17|medusa|3
2024-01-17|8base|5
2024-01-17|insane|1
2024-01-16|akira|7
2024-01-16|noname|3
2024-01-16|lockbit3|2
2024-01-16|qilin|2
2024-01-16|bianlian|2
2024-01-15|lockbit3|8
2024-01-15|malekteam|1
2024-01-15|hunters|1
2024-01-15|bianlian|2
2024-01-15|unsafeleak|2
2024-01-14|unsafe|3
2024-01-14|bianlian|2
2024-01-14|unsafeleak|1
2024-01-14|stormous|1
2024-01-14|cactus|1
2024-01-14|lockbit3|2
2024-01-14|qilin|1
2024-01-13|lockbit3|3
2024-01-13|cactus|1
2024-01-13|rhysida|2
2024-01-13|snatch|3
2024-01-13|threeam|2
2024-01-12|lockbit3|3
2024-01-12|incransom|2
2024-01-12|cactus|10
2024-01-12|threeam|2
2024-01-12|alphv|4
2024-01-12|qilin|1
2024-01-12|8base|5
2024-01-12|everest|4
2024-01-11|akira|4
2024-01-11|medusa|4
2024-01-11|lockbit3|2
2024-01-11|alphv|5
2024-01-11|qilin|1
2024-01-10|lockbit3|8
2024-01-10|qilin|2
2024-01-10|alphv|1
2024-01-09|blacksuit|2
2024-01-09|akira|4
2024-01-09|qilin|2
2024-01-09|8base|1
2024-01-08|alphv|1
2024-01-08|qilin|1
2024-01-08|akira|4
2024-01-08|incransom|2
2024-01-08|lockbit3|4
2024-01-07|lockbit3|2
2024-01-07|raznatovic|1
2024-01-07|knight|1
2024-01-06|bianlian|1
2024-01-06|cloak|1
2024-01-06|knight|1
2024-01-06|play|2
2024-01-06|rhysida|2
2024-01-06|dragonforce|1
2024-01-05|bianlian|4
2024-01-05|lockbit3|2
2024-01-04|hunters|3
2024-01-04|monti|2
2024-01-03|blacksuit|2
2024-01-03|hunters|1
2024-01-03|alphv|2
2024-01-02|play|2
2024-01-02|lockbit3|2
2024-01-02|alphv|2
2024-01-02|blackbasta|3
2024-01-02|ciphbit|2
2024-01-01|clop|1
2024-01-01|rhysida|2
2024-01-01|bianlian|1
2023-12-31|play|1
2023-12-30|play|3
2023-12-30|incransom|2
2023-12-30|ransomexx|2
2023-12-30|lockbit3|4
2023-12-30|alphv|2
2023-12-29|alphv|5
2023-12-29|cactus|7
2023-12-29|ransomhouse|2
2023-12-29|lockbit3|2
2023-12-28|cactus|6
2023-12-28|blackbasta|1
2023-12-28|bianlian|2
2023-12-28|alphv|1
2023-12-28|play|2
2023-12-28|lockbit3|4
2023-12-27|blackbasta|1
2023-12-27|dragonforce|1
2023-12-27|qilin|2
2023-12-27|meow|1
2023-12-27|alphv|6
2023-12-27|cloak|2
2023-12-27|toufan|2
2023-12-26|lockbit3|6
2023-12-26|raznatovic|1
2023-12-26|cactus|1
2023-12-26|rhysida|4
2023-12-26|toufan|2
2023-12-25|blacksuit|2
2023-12-25|akira|2
2023-12-25|lockbit3|11
2023-12-25|stormous|1
2023-12-25|8base|2
2023-12-25|alphv|1
2023-12-24|malekteam|4
2023-12-24|alphv|4
2023-12-24|lockbit3|2
2023-12-23|bianlian|3
2023-12-23|lockbit3|6
2023-12-23|toufan|3
2023-12-23|werewolves|2
2023-12-23|cactus|4
2023-12-23|incransom|1
2023-12-23|alphv|2
2023-12-22|lockbit3|18
2023-12-22|alphv|1
2023-12-22|blackbasta|3
2023-12-22|cactus|1
2023-12-22|akira|2
2023-12-22|toufan|2
2023-12-21|cactus|7
2023-12-21|ragroup|7
2023-12-21|stormous|7
2023-12-21|play|8
2023-12-21|dragonforce|2
2023-12-21|ranstreet|1
2023-12-20|dragonforce|1
2023-12-20|medusa|1
2023-12-20|meow|1
2023-12-20|lockbit3|10
2023-12-20|incransom|1
2023-12-20|toufan|2
2023-12-20|ragroup|6
2023-12-20|alphv|1
2023-12-20|werewolves|21
2023-12-20|cactus|5
2023-12-20|bianlian|1
2023-12-20|8base|8
2023-12-19|rhysida|2
2023-12-19|toufan|99
2023-12-19|meow|1
2023-12-19|lockbit3|5
2023-12-19|alphv|1
2023-12-19|bianlian|1
2023-12-19|play|7
2023-12-19|blackbasta|2
2023-12-19|hunters|1
2023-12-18|play|7
2023-12-18|blackbasta|6
2023-12-18|lockbit3|1
2023-12-18|alphv|2
2023-12-18|toufan|2
2023-12-18|cactus|2
2023-12-18|bianlian|2
2023-12-17|medusa|5
2023-12-17|toufan|5
2023-12-17|raznatovic|3
2023-12-17|lockbit3|2
2023-12-16|alphv|2
2023-12-16|incransom|2
2023-12-16|snatch|2
2023-12-16|knight|1
2023-12-16|clop|1
2023-12-16|cactus|3
2023-12-16|blackbasta|1
2023-12-16|8base|1
2023-12-15|threeam|1
2023-12-15|cactus|9
2023-12-15|lockbit3|10
2023-12-15|akira|2
2023-12-15|hunters|1
2023-12-15|bianlian|3
2023-12-14|lockbit3|10
2023-12-14|bianlian|3
2023-12-14|cactus|3
2023-12-14|akira|2
2023-12-14|threeam|1
2023-12-13|knight|3
2023-12-13|cloak|1
2023-12-13|dragonforce|17
2023-12-13|ransomhouse|2
2023-12-13|lockbit3|5
2023-12-13|blackbasta|4
2023-12-13|alphv|2
2023-12-13|meow|1
2023-12-13|threeam|1
2023-12-13|incransom|2
2023-12-13|cactus|2
2023-12-13|8base|9
2023-12-13|rhysida|2
2023-12-13|akira|2
2023-12-13|play|1
2023-12-12|play|1
2023-12-12|akira|7
2023-12-12|lockbit3|15
2023-12-12|threeam|2
2023-12-12|meow|1
2023-12-12|rhysida|2
2023-12-11|lockbit3|7
2023-12-11|hunters|1
2023-12-11|lorenz|2
2023-12-11|akira|3
2023-12-11|medusa|5
2023-12-11|bianlian|2
2023-12-11|cactus|2
2023-12-10|lockbit3|4
2023-12-10|threeam|2
2023-12-10|incransom|1
2023-12-10|cactus|2
2023-12-10|rhysida|7
2023-12-09|blacksuit|1
2023-12-09|akira|1
2023-12-09|rhysida|1
2023-12-09|play|8
2023-12-09|daixin|2
2023-12-09|siegedsec|8
2023-12-09|lockbit3|1
2023-12-08|monti|2
2023-12-08|lockbit3|6
2023-12-08|play|4
2023-12-08|cloak|1
2023-12-08|snatch|1
2023-12-08|blacksuit|1
2023-12-08|siegedsec|11
2023-12-08|qilin|2
2023-12-08|rhysida|2
2023-12-08|bianlian|2
2023-12-07|lockbit3|17
2023-12-07|play|20
2023-12-07|incransom|2
2023-12-07|bianlian|2
2023-12-07|metaencryptor|2
2023-12-07|akira|3
2023-12-07|qilin|2
2023-12-07|cactus|2
2023-12-07|8base|1
2023-12-07|blacksuit|1
2023-12-07|monti|1
2023-12-06|medusa|6
2023-12-06|monti|2
2023-12-06|bianlian|2
2023-12-06|alphv|2
2023-12-06|akira|2
2023-12-06|lockbit3|7
2023-12-06|threeam|1
2023-12-06|8base|4
2023-12-06|abyss|1
2023-12-06|ransomblog_noname|1
2023-12-05|alphv|6
2023-12-05|lockbit3|7
2023-12-05|threeam|1
2023-12-05|monti|1
2023-12-05|dunghill|4
2023-12-05|medusa|4
2023-12-05|bianlian|2
2023-12-05|abyss|1
2023-12-05|qilin|2
2023-12-05|blacksuit|3
2023-12-04|alphv|4
2023-12-04|everest|2
2023-12-04|qilin|2
2023-12-04|noescape|4
2023-12-04|akira|4
2023-12-04|lockbit3|2
2023-12-04|blackbasta|1
2023-12-03|metaencryptor|1
2023-12-03|incransom|1
2023-12-03|cactus|2
2023-12-03|lockbit3|3
2023-12-03|akira|2
2023-12-03|noescape|2
2023-12-03|alphv|4
2023-12-02|alphv|7
2023-12-02|lockbit3|3
2023-12-02|noescape|1
2023-12-02|rhysida|1
2023-12-02|blacksuit|2
2023-12-02|hunters|1
2023-12-02|blackbasta|2
2023-12-02|akira|4
2023-12-01|akira|3
2023-12-01|monti|4
2023-12-01|hunters|2
2023-12-01|lockbit3|1
2023-12-01|incransom|1
2023-12-01|blacksuit|1
2023-12-01|cloak|6
2023-12-01|abyss|1
2023-12-01|meow|1
2023-12-01|alphv|2
2023-12-01|ransomblog_noname|1
2023-12-01|noescape|1
2023-12-01|play|3
2023-11-30|alphv|1
2023-11-30|lockbit3|3
2023-11-30|monti|2
2023-11-30|akira|1
2023-11-30|play|5
2023-11-30|bianlian|2
2023-11-30|hunters|1
2023-11-30|knight|3
2023-11-30|blacksuit|1
2023-11-30|blackbasta|2
2023-11-30|abyss|1
2023-11-30|noescape|2
2023-11-30|8base|1
2023-11-30|medusa|1
2023-11-29|bianlian|4
2023-11-29|medusalocker|2
2023-11-29|medusa|3
2023-11-29|alphv|2
2023-11-29|blacksuit|1
2023-11-29|blackbasta|1
2023-11-29|play|8
2023-11-29|akira|4
2023-11-29|clop|1
2023-11-29|ransomhouse|2
2023-11-29|lockbit3|6
2023-11-29|rhysida|1
2023-11-29|snatch|8
2023-11-29|8base|8
2023-11-28|lockbit3|4
2023-11-28|play|13
2023-11-28|alphv|2
2023-11-28|rhysida|2
2023-11-28|hunters|1
2023-11-28|metaencryptor|1
2023-11-28|akira|1
2023-11-28|cactus|4
2023-11-28|monti|2
2023-11-28|qilin|1
2023-11-28|daixin|2
2023-11-28|bianlian|1
2023-11-28|ransomhouse|2
2023-11-27|qilin|1
2023-11-27|rhysida|2
2023-11-27|lockbit3|2
2023-11-27|monti|2
2023-11-27|alphv|6
2023-11-27|hunters|1
2023-11-27|akira|1
2023-11-27|bianlian|2
2023-11-27|threeam|1
2023-11-27|blacksuit|4
2023-11-26|meow|1
2023-11-26|ransomexx|2
2023-11-26|ragroup|2
2023-11-25|lockbit3|2
2023-11-25|clop|5
2023-11-25|noescape|1
2023-11-25|rhysida|1
2023-11-25|alphv|1
2023-11-24|alphv|7
2023-11-24|lockbit3|6
2023-11-24|rhysida|1
2023-11-24|noescape|1
2023-11-24|donutleaks|2
2023-11-24|threeam|1
2023-11-24|hunters|1
2023-11-24|incransom|5
2023-11-24|meow|8
2023-11-23|lockbit3|6
2023-11-23|incransom|9
2023-11-23|cactus|3
2023-11-23|alphv|3
2023-11-23|akira|2
2023-11-22|play|2
2023-11-22|alphv|4
2023-11-22|akira|4
2023-11-22|medusa|2
2023-11-22|lockbit3|6
2023-11-22|rhysida|1
2023-11-22|threeam|1
2023-11-22|8base|8
2023-11-22|bianlian|3
2023-11-21|alphv|1
2023-11-21|lockbit3|14
2023-11-21|cactus|3
2023-11-21|hunters|1
2023-11-21|bianlian|9
2023-11-21|rhysida|1
2023-11-21|noescape|4
2023-11-20|lockbit3|6
2023-11-20|alphv|4
2023-11-20|blackbasta|5
2023-11-20|knight|3
2023-11-20|rhysida|2
2023-11-20|8base|1
2023-11-19|alphv|6
2023-11-19|ragroup|2
2023-11-19|play|1
2023-11-18|play|1
2023-11-18|threeam|2
2023-11-18|incransom|2
2023-11-18|lockbit3|2
2023-11-18|noescape|2
2023-11-18|medusa|2
2023-11-17|lockbit3|12
2023-11-17|medusa|3
2023-11-17|akira|4
2023-11-17|qilin|3
2023-11-17|noescape|2
2023-11-17|incransom|6
2023-11-17|blacksuit|2
2023-11-17|blackbasta|1
2023-11-17|ragroup|9
2023-11-17|ransomexx|1
2023-11-16|lockbit3|5
2023-11-16|blackbasta|2
2023-11-16|alphv|4
2023-11-16|qilin|1
2023-11-16|ransomexx|1
2023-11-16|medusa|1
2023-11-15|lockbit3|5
2023-11-15|alphv|10
2023-11-15|incransom|4
2023-11-15|lorenz|2
2023-11-15|hunters|1
2023-11-15|8base|10
2023-11-15|play|24
2023-11-14|alphv|10
2023-11-14|blackbasta|10
2023-11-14|cuba|2
2023-11-14|noescape|6
2023-11-14|ransomhouse|1
2023-11-13|ransomhouse|1
2023-11-13|blackbasta|1
2023-11-13|lockbit3|6
2023-11-13|alphv|4
2023-11-13|cuba|2
2023-11-13|hunters|11
2023-11-13|medusa|2
2023-11-13|bianlian|4
2023-11-13|noescape|4
2023-11-12|lockbit3|20
2023-11-12|alphv|2
2023-11-11|lockbit3|16
2023-11-11|noescape|2
2023-11-11|rhysida|2
2023-11-11|abyss|4
2023-11-11|alphv|2
2023-11-10|lockbit3|7
2023-11-10|donutleaks|2
2023-11-10|blackbasta|3
2023-11-10|alphv|2
2023-11-10|rhysida|2
2023-11-09|noescape|6
2023-11-09|alphv|2
2023-11-09|monti|4
2023-11-09|akira|10
2023-11-09|lockbit3|4
2023-11-09|lorenz|4
2023-11-09|play|11
2023-11-08|play|9
2023-11-08|lockbit3|10
2023-11-08|blackbasta|2
2023-11-08|noescape|6
2023-11-08|akira|2
2023-11-08|alphv|3
2023-11-08|ciphbit|2
2023-11-07|alphv|5
2023-11-07|rhysida|2
2023-11-07|lorenz|2
2023-11-07|everest|2
2023-11-07|blackbasta|12
2023-11-07|akira|4
2023-11-07|medusa|2
2023-11-07|lockbit3|2
2023-11-07|cuba|4
2023-11-07|ragroup|4
2023-11-06|blackbasta|1
2023-11-06|lockbit3|10
2023-11-06|incransom|2
2023-11-06|rhysida|2
2023-11-06|cactus|6
2023-11-06|alphv|4
2023-11-05|alphv|6
2023-11-05|medusa|10
2023-11-05|abyss|2
2023-11-05|qilin|4
2023-11-05|rhysida|2
2023-11-05|lockbit3|32
2023-11-04|lockbit3|4
2023-11-03|play|2
2023-11-03|ciphbit|2
2023-11-03|lockbit3|13
2023-11-03|incransom|2
2023-11-03|noescape|4
2023-11-03|alphv|2
2023-11-02|play|14
2023-11-02|lockbit3|13
2023-11-02|alphv|6
2023-11-02|blackbasta|2
2023-11-02|rhysida|2
2023-11-02|8base|2
2023-11-02|noescape|4
2023-11-02|snatch|1
2023-11-02|daixin|2
2023-11-01|lockbit3|11
2023-11-01|blacksuit|2
2023-11-01|snatch|1
2023-11-01|medusa|3
2023-11-01|alphv|6
2023-11-01|knight|13
2023-11-01|metaencryptor|2
2023-11-01|blackbasta|14
2023-11-01|8base|10
2023-11-01|noescape|2
2023-10-31|knight|10
2023-10-31|incransom|2
2023-10-31|play|2
2023-10-31|akira|2
2023-10-31|bianlian|6
2023-10-31|lockbit3|10
2023-10-31|medusa|2
2023-10-31|noescape|14
2023-10-31|8base|2
2023-10-30|play|2
2023-10-30|lockbit3|14
2023-10-30|akira|2
2023-10-30|ransomed|1
2023-10-30|medusa|2
2023-10-30|ransomedvc|1
2023-10-30|incransom|1
2023-10-29|incransom|1
2023-10-29|alphv|2
2023-10-29|8base|1
2023-10-28|play|24
2023-10-28|bianlian|2
2023-10-28|8base|1
2023-10-28|alphv|3
2023-10-27|lockbit3|4
2023-10-27|incransom|2
2023-10-27|ransomexx|2
2023-10-27|alphv|4
2023-10-27|akira|2
2023-10-27|blackbasta|3
2023-10-27|8base|4
2023-10-26|threeam|4
2023-10-26|play|2
2023-10-26|lockbit3|4
2023-10-26|qilin|2
2023-10-26|abyss|2
2023-10-26|mallox|2
2023-10-25|blackbasta|2
2023-10-25|snatch|4
2023-10-25|incransom|2
2023-10-25|8base|8
2023-10-25|lorenz|2
2023-10-25|qilin|3
2023-10-25|alphv|2
2023-10-24|lockbit3|17
2023-10-24|noescape|4
2023-10-24|akira|2
2023-10-24|alphv|4
2023-10-24|8base|4
2023-10-23|alphv|4
2023-10-23|cuba|2
2023-10-23|monti|2
2023-10-23|noescape|17
2023-10-23|blackbasta|1
2023-10-23|medusa|9
2023-10-23|medusalocker|2
2023-10-23|ransomblog_noname|1
2023-10-23|lockbit3|4
2023-10-22|ransomed|1
2023-10-22|ransomedvc|1
2023-10-22|hunters|1
2023-10-22|8base|8
2023-10-21|ransomhouse|2
2023-10-21|lockbit3|2
2023-10-21|blackbasta|3
2023-10-21|donutleaks|2
2023-10-21|alphv|2
2023-10-20|play|24
2023-10-20|clop|1
2023-10-20|lockbit3|6
2023-10-20|ransomed|1
2023-10-20|ransomedvc|1
2023-10-20|hunters|1
2023-10-20|akira|6
2023-10-20|alphv|2
2023-10-19|monti|2
2023-10-19|blacksuit|2
2023-10-19|play|2
2023-10-19|akira|6
2023-10-19|lockbit3|11
2023-10-19|alphv|4
2023-10-18|lockbit3|2
2023-10-18|bianlian|13
2023-10-18|noescape|2
2023-10-17|0mega|2
2023-10-17|alphv|4
2023-10-17|lockbit3|2
2023-10-17|blackbasta|8
2023-10-17|incransom|2
2023-10-17|noescape|2
2023-10-16|lockbit3|4
2023-10-16|cactus|4
2023-10-16|medusa|10
2023-10-16|ransomedvc|1
2023-10-16|ransomed|3
2023-10-16|noescape|2
2023-10-16|alphv|2
2023-10-16|blackbasta|3
2023-10-15|snatch|2
2023-10-15|ransomedvc|3
2023-10-15|arvinclub|2
2023-10-15|ransomed|3
2023-10-15|alphv|2
2023-10-14|mallox|2
2023-10-14|alphv|2
2023-10-14|arvinclub|2
2023-10-14|rhysida|2
2023-10-14|ransomedvc|1
2023-10-13|snatch|2
2023-10-13|incransom|4
2023-10-13|arvinclub|2
2023-10-13|ransomedvc|1
2023-10-13|noescape|2
2023-10-13|trigona|2
2023-10-13|alphv|2
2023-10-13|blacksuit|2
2023-10-13|knight|4
2023-10-13|ransomed|12
2023-10-12|ransomedvc|2
2023-10-12|incransom|2
2023-10-12|noescape|2
2023-10-12|trigona|2
2023-10-12|moneymessage|2
2023-10-12|medusa|9
2023-10-12|8base|4
2023-10-12|bianlian|1
2023-10-11|alphv|6
2023-10-11|ragnarlocker|4
2023-10-11|noescape|4
2023-10-11|bianlian|6
2023-10-11|dunghill_leak|1
2023-10-11|incransom|4
2023-10-11|blackbasta|7
2023-10-11|everest|2
2023-10-11|play|1
2023-10-10|noescape|5
2023-10-10|play|1
2023-10-10|snatch|2
2023-10-10|lockbit3|2
2023-10-10|knight|4
2023-10-10|cuba|2
2023-10-10|8base|2
2023-10-10|ransomhouse|2
2023-10-09|play|14
2023-10-09|noescape|7
2023-10-09|knight|1
2023-10-09|alphv|10
2023-10-09|lockbit3|10
2023-10-09|qilin|2
2023-10-09|monti|2
2023-10-09|rhysida|2
2023-10-08|lockbit3|4
2023-10-08|knight|1
2023-10-08|arvinclub|2
2023-10-08|ransomedvc|11
2023-10-08|alphv|2
2023-10-08|8base|2
2023-10-07|monti|2
2023-10-07|ransomed|2
2023-10-07|cactus|2
2023-10-07|akira|2
2023-10-07|ransomedvc|2
2023-10-06|lockbit3|16
2023-10-06|ragnarlocker|2
2023-10-06|monti|2
2023-10-06|ransomed|2
2023-10-06|ransomedvc|1
2023-10-06|medusa|2
2023-10-06|noescape|2
2023-10-06|rhysida|2
2023-10-05|lockbit3|2
2023-10-05|bianlian|6
2023-10-05|cactus|4
2023-10-05|ragnarlocker|2
2023-10-05|akira|2
2023-10-05|donutleaks|2
2023-10-05|noescape|2
2023-10-04|lockbit3|2
2023-10-04|qilin|2
2023-10-04|blackbyte|2
2023-10-04|play|12
2023-10-04|alphv|4
2023-10-04|akira|2
2023-10-04|0mega|2
2023-10-04|rhysida|2
2023-10-03|monti|2
2023-10-03|moneymessage|4
2023-10-03|ragnarlocker|2
2023-10-03|medusa|2
2023-10-03|alphv|2
2023-10-03|lockbit3|2
2023-10-03|cuba|2
2023-10-03|8base|4
2023-10-03|knight|2
2023-10-03|mallox|2
2023-10-03|noescape|6
2023-10-03|donutleaks|1
2023-10-02|donutleaks|1
2023-10-02|lorenz|2
2023-10-02|medusalocker|1
2023-10-02|ransomblog_noname|1
2023-10-02|alphv|2
2023-10-02|medusa|5
2023-10-02|bianlian|1
2023-10-02|arvinclub|2
2023-10-02|mallox|2
2023-10-02|rhysida|2
2023-10-01|lockbit3|14
2023-10-01|monti|4
2023-10-01|arvinclub|2
2023-10-01|trigona|6
2023-10-01|alphv|2
2023-09-30|ragnarlocker|4
2023-09-30|alphv|4
2023-09-30|donutleaks|2
2023-09-29|alphv|6
2023-09-29|lockbit3|4
2023-09-29|knight|2
2023-09-29|metaencryptor|1
2023-09-29|akira|2
2023-09-29|8base|5
2023-09-28|alphv|3
2023-09-28|play|20
2023-09-28|lockbit3|6
2023-09-28|incransom|2
2023-09-28|threeam|2
2023-09-28|noescape|2
2023-09-28|8base|2
2023-09-27|akira|4
2023-09-27|cactus|4
2023-09-27|8base|2
2023-09-27|medusa|4
2023-09-26|noescape|6
2023-09-26|dunghill|5
2023-09-26|dunghill_leak|5
2023-09-26|qilin|2
2023-09-26|losttrust|106
2023-09-26|alphv|12
2023-09-26|cactus|4
2023-09-26|rhysida|2
2023-09-26|bianlian|16
2023-09-26|8base|4
2023-09-26|ransomed|14
2023-09-25|alphv|6
2023-09-25|ransomedvc|1
2023-09-25|knight|2
2023-09-25|rhysida|2
2023-09-25|ragnarlocker|2
2023-09-25|8base|6
2023-09-24|alphv|4
2023-09-24|lockbit3|2
2023-09-24|ransomedvc|12
2023-09-24|noescape|2
2023-09-24|stormous|2
2023-09-23|ransomedvc|1
2023-09-23|alphv|2
2023-09-23|stormous|2
2023-09-23|noescape|2
2023-09-23|medusa|4
2023-09-23|bianlian|2
2023-09-23|8base|4
2023-09-23|rhysida|2
2023-09-22|lockbit3|6
2023-09-22|clop|1
2023-09-22|incransom|2
2023-09-22|akira|2
2023-09-22|alphv|14
2023-09-22|ragnarlocker|6
2023-09-22|karakurt|4
2023-09-22|threeam|6
2023-09-22|rhysida|2
2023-09-21|monti|2
2023-09-21|alphv|14
2023-09-21|ragnarlocker|4
2023-09-21|bianlian|8
2023-09-21|cactus|2
2023-09-21|ransomhouse|4
2023-09-20|lockbit3|12
2023-09-20|noescape|4
2023-09-20|medusa|5
2023-09-20|incransom|6
2023-09-20|cactus|4
2023-09-20|trigona|1
2023-09-20|alphv|2
2023-09-19|monti|2
2023-09-19|lockbit3|2
2023-09-19|ragnarlocker|2
2023-09-19|alphv|2
2023-09-19|donutleaks|4
2023-09-19|cactus|2
2023-09-19|knight|2
2023-09-18|snatch|6
2023-09-18|ragnarlocker|2
2023-09-18|play|12
2023-09-18|incransom|4
2023-09-18|akira|4
2023-09-18|blackbyte|2
2023-09-18|everest|2
2023-09-18|trigona|1
2023-09-18|knight|4
2023-09-18|medusa|2
2023-09-18|noescape|3
2023-09-18|8base|2
2023-09-17|ragnarlocker|2
2023-09-17|8base|2
2023-09-16|ciphbit|5
2023-09-16|lockbit3|42
2023-09-16|alphv|2
2023-09-15|cryptbb|16
2023-09-15|ransomedvc|1
2023-09-15|ragnarlocker|2
2023-09-15|alphv|2
2023-09-15|lockbit3|4
2023-09-15|threeam|6
2023-09-15|ciphbit|6
2023-09-15|trigona|2
2023-09-14|threeam|6
2023-09-14|alphv|2
2023-09-14|knight|2
2023-09-14|monti|4
2023-09-14|akira|2
2023-09-14|ciphbit|8
2023-09-14|lockbit3|2
2023-09-14|noescape|4
2023-09-13|stormous|2
2023-09-13|lockbit3|2
2023-09-13|blacksuit|2
2023-09-13|trigona|1
2023-09-13|knight|4
2023-09-13|play|6
2023-09-12|akira|2
2023-09-12|ransomhouse|2
2023-09-12|incransom|2
2023-09-12|knight|4
2023-09-12|alphv|7
2023-09-12|lockbit3|2
2023-09-12|lorenz|4
2023-09-12|qilin|1
2023-09-11|blackbyte|2
2023-09-11|qilin|1
2023-09-11|ragroup|2
2023-09-11|noescape|6
2023-09-11|lockbit3|6
2023-09-11|bianlian|9
2023-09-11|everest|2
2023-09-11|cactus|10
2023-09-11|mallox|1
2023-09-11|alphv|2
2023-09-11|medusa|4
2023-09-11|rhysida|3
2023-09-11|8base|2
2023-09-10|bianlian|2
2023-09-10|mallox|2
2023-09-10|abyss|2
2023-09-10|rhysida|2
2023-09-09|blackbyte|2
2023-09-09|ransomed|4
2023-09-09|rhysida|1
2023-09-09|ransomedvc|4
2023-09-08|abyss|2
2023-09-08|ransomedvc|25
2023-09-08|ransomhouse|2
2023-09-08|lockbit3|7
2023-09-08|8base|2
2023-09-08|cactus|10
2023-09-08|qilin|4
2023-09-08|ransomed|1
2023-09-07|blackbyte|4
2023-09-07|ragroup|2
2023-09-07|stormous|2
2023-09-07|lockbit3|1
2023-09-07|noescape|2
2023-09-07|8base|2
2023-09-07|bianlian|3
2023-09-07|cactus|8
2023-09-06|lockbit3|16
2023-09-06|incransom|4
2023-09-06|blackbyte|2
2023-09-06|ragnarlocker|2
2023-09-06|alphv|2
2023-09-06|knight|2
2023-09-06|dunghill|1
2023-09-06|akira|2
2023-09-06|dunghill_leak|1
2023-09-06|8base|4
2023-09-05|play|12
2023-09-05|noescape|2
2023-09-05|cactus|18
2023-09-05|alphv|6
2023-09-05|lockbit3|4
2023-09-05|trigona|12
2023-09-04|play|2
2023-09-04|ransomed|9
2023-09-04|ragroup|12
2023-09-04|noescape|6
2023-09-04|cactus|4
2023-09-04|lockbit3|2
2023-09-04|medusa|4
2023-09-04|stormous|3
2023-09-04|8base|5
2023-09-03|snatch|2
2023-09-03|ransomed|3
2023-09-03|lockbit3|4
2023-09-03|incransom|2
2023-09-03|moneymessage|5
2023-09-03|rancoz|4
2023-09-03|alphv|4
2023-09-03|rhysida|1
2023-09-02|alphv|6
2023-09-02|lockbit3|20
2023-09-02|ragnarlocker|2
2023-09-02|everest|6
2023-09-02|arvinclub|2
2023-09-02|moneymessage|1
2023-09-02|noescape|4
2023-09-01|lockbit3|11
2023-09-01|bianlian|8
2023-09-01|play|2
2023-09-01|ransomed|1
2023-09-01|rhysida|1
2023-09-01|ragroup|4
2023-08-31|lockbit3|22
2023-08-31|ransomed|3
2023-08-31|clop|46
2023-08-31|karakurt|2
2023-08-31|akira|6
2023-08-31|abyss|2
2023-08-31|stormous|1
2023-08-31|incransom|2
2023-08-31|alphv|8
2023-08-31|8base|2
2023-08-30|lockbit3|43
2023-08-30|ragroup|5
2023-08-30|akira|4
2023-08-30|medusa|5
2023-08-30|alphv|2
2023-08-30|lorenz|2
2023-08-30|8base|4
2023-08-30|noescape|4
2023-08-29|clop|31
2023-08-29|lockbit3|39
2023-08-29|ragroup|4
2023-08-29|alphv|3
2023-08-29|akira|2
2023-08-29|everest|2
2023-08-29|8base|2
2023-08-28|ransomed|1
2023-08-28|rhysida|1
2023-08-28|clop|10
2023-08-28|noescape|4
2023-08-28|cloak|23
2023-08-28|bianlian|4
2023-08-28|akira|10
2023-08-28|alphv|2
2023-08-28|qilin|2
2023-08-28|lockbit3|3
2023-08-27|lockbit3|2
2023-08-27|clop|22
2023-08-27|ransomed|1
2023-08-27|8base|2
2023-08-26|snatch|2
2023-08-26|ransomed|1
2023-08-26|8base|8
2023-08-26|clop|7
2023-08-26|noescape|2
2023-08-25|play|2
2023-08-25|alphv|10
2023-08-25|clop|13
2023-08-25|medusa|6
2023-08-25|8base|9
2023-08-25|rhysida|1
2023-08-25|noescape|2
2023-08-25|lockbit3|2
2023-08-24|clop|10
2023-08-24|akira|2
2023-08-24|alphv|4
2023-08-24|8base|14
2023-08-24|blackbyte|2
2023-08-24|bianlian|6
2023-08-24|rhysida|1
2023-08-24|cloak|24
2023-08-23|lockbit3|9
2023-08-23|alphv|2
2023-08-23|ransomed|3
2023-08-23|stormous|4
2023-08-23|clop|17
2023-08-23|arvinclub|2
2023-08-22|play|2
2023-08-22|lockbit3|4
2023-08-22|alphv|6
2023-08-22|blackbasta|2
2023-08-22|noescape|3
2023-08-21|rhysida|1
2023-08-21|noescape|3
2023-08-21|snatch|4
2023-08-21|lockbit3|2
2023-08-21|alphv|6
2023-08-21|ransomed|2
2023-08-21|clop|15
2023-08-20|lockbit3|9
2023-08-20|clop|7
2023-08-19|medusa|6
2023-08-19|cuba|2
2023-08-19|lockbit3|6
2023-08-19|rhysida|2
2023-08-19|arvinclub|10
2023-08-18|play|16
2023-08-18|clop|19
2023-08-18|lockbit3|6
2023-08-18|noescape|2
2023-08-17|noescape|2
2023-08-17|lockbit3|12
2023-08-17|everest|2
2023-08-17|akira|6
2023-08-17|clop|7
2023-08-17|blackbasta|10
2023-08-17|metaencryptor|11
2023-08-16|metaencryptor|12
2023-08-16|akira|4
2023-08-16|clop|1
2023-08-16|bianlian|2
2023-08-16|alphv|2
2023-08-16|incransom|2
2023-08-16|rhysida|3
2023-08-16|8base|2
2023-08-15|clop|8
2023-08-15|noescape|4
2023-08-15|alphv|4
2023-08-15|medusa|3
2023-08-15|8base|6
2023-08-15|lockbit3|1
2023-08-14|alphv|4
2023-08-14|clop|8
2023-08-14|lockbit3|7
2023-08-14|noescape|4
2023-08-14|everest|2
2023-08-14|medusa|4
2023-08-13|lockbit3|18
2023-08-12|rhysida|1
2023-08-12|bianlian|4
2023-08-12|alphv|2
2023-08-11|akira|2
2023-08-11|incransom|1
2023-08-11|knight|1
2023-08-11|clop|22
2023-08-11|lockbit3|2
2023-08-11|play|3
2023-08-10|play|3
2023-08-10|akira|6
2023-08-10|rhysida|1
2023-08-10|8base|2
2023-08-10|lockbit3|1
2023-08-09|lockbit3|29
2023-08-09|noescape|2
2023-08-09|incransom|1
2023-08-09|akira|2
2023-08-09|arvinclub|1
2023-08-09|rhysida|2
2023-08-09|abyss|2
2023-08-08|ragnarlocker|2
2023-08-08|everest|2
2023-08-08|alphv|2
2023-08-08|medusa|2
2023-08-08|8base|2
2023-08-07|qilin|2
2023-08-07|bianlian|4
2023-08-07|akira|4
2023-08-07|noescape|6
2023-08-07|arvinclub|1
2023-08-07|lockbit3|2
2023-08-06|8base|6
2023-08-06|alphv|4
2023-08-06|arvinclub|1
2023-08-05|alphv|4
2023-08-05|lockbit3|2
2023-08-05|everest|2
2023-08-04|lockbit3|12
2023-08-04|alphv|12
2023-08-04|ragroup|4
2023-08-04|akira|2
2023-08-04|rhysida|1
2023-08-04|arvinclub|1
2023-08-04|nokoyawa|2
2023-08-04|monti|2
2023-08-03|bianlian|5
2023-08-03|arvinclub|5
2023-08-03|nokoyawa|2
2023-08-03|lockbit3|9
2023-08-03|akira|4
2023-08-03|ransomblog_noname|1
2023-08-03|medusalocker|1
2023-08-03|rhysida|1
2023-08-03|8base|4
2023-08-03|alphv|3
2023-08-02|alphv|3
2023-08-02|lockbit3|5
2023-08-02|noescape|2
2023-08-02|akira|4
2023-08-02|monti|2
2023-08-02|karakurt|2
2023-08-02|clop|1
2023-08-02|rhysida|1
2023-08-01|play|16
2023-08-01|mallox|2
2023-08-01|akira|2
2023-08-01|alphv|2
2023-08-01|nokoyawa|2
2023-08-01|8base|4
2023-08-01|lockbit3|4
2023-08-01|noescape|2
2023-08-01|rhysida|1
2023-07-31|everest|2
2023-07-31|lockbit3|10
2023-07-31|ragnarlocker|2
2023-07-31|noescape|4
2023-07-31|cuba|4
2023-07-31|bianlian|4
2023-07-31|medusa|4
2023-07-30|mallox|2
2023-07-30|blackbasta|1
2023-07-30|lockbit3|2
2023-07-30|monti|2
2023-07-30|ragroup|5
2023-07-29|nokoyawa|10
2023-07-29|bianlian|2
2023-07-29|rhysida|1
2023-07-29|alphv|1
2023-07-29|snatch|2
2023-07-28|rhysida|5
2023-07-28|akira|2
2023-07-28|bianlian|6
2023-07-28|karakurt|4
2023-07-27|ransomblog_noname|1
2023-07-27|medusalocker|1
2023-07-27|akira|6
2023-07-27|mallox|2
2023-07-27|lockbit3|1
2023-07-26|lockbit3|1
2023-07-26|alphv|419
2023-07-26|everest|2
2023-07-26|noescape|6
2023-07-26|cyclops|1
2023-07-26|clop|70
2023-07-26|knight|2
2023-07-26|rhysida|3
2023-07-26|8base|4
2023-07-26|dunghill_leak|3
2023-07-26|moneymessage|1
2023-07-25|ragroup|2
2023-07-25|8base|15
2023-07-25|blackbasta|2
2023-07-25|noescape|2
2023-07-25|akira|2
2023-07-25|medusa|2
2023-07-25|lockbit3|2
2023-07-25|rhysida|1
2023-07-25|alphv|2
2023-07-24|blacksuit|2
2023-07-24|play|10
2023-07-24|blackbasta|2
2023-07-24|akira|6
2023-07-24|stormous|2
2023-07-24|lockbit3|2
2023-07-24|bianlian|1
2023-07-24|rhysida|2
2023-07-24|8base|2
2023-07-24|ragroup|2
2023-07-23|mallox|2
2023-07-23|8base|4
2023-07-23|rhysida|1
2023-07-23|donutleaks|2
2023-07-23|lockbit3|2
2023-07-23|cyclops|2
2023-07-23|knight|2
2023-07-23|medusa|4
2023-07-23|alphv|1
2023-07-22|8base|1
2023-07-22|monti|4
2023-07-22|play|2
2023-07-22|rhysida|1
2023-07-22|blackbasta|1
2023-07-21|rhysida|1
2023-07-21|alphv|3
2023-07-21|akira|2
2023-07-21|abyss|2
2023-07-21|cactus|6
2023-07-20|akira|2
2023-07-20|cactus|30
2023-07-20|noescape|2
2023-07-20|nokoyawa|4
2023-07-20|alphv|2
2023-07-20|lockbit3|2
2023-07-20|bianlian|6
2023-07-19|8base|2
2023-07-19|play|12
2023-07-19|bianlian|6
2023-07-19|royal|2
2023-07-19|lockbit3|2
2023-07-19|rhysida|1
2023-07-19|clop|12
2023-07-19|alphv|2
2023-07-18|medusa|6
2023-07-18|alphv|2
2023-07-18|noescape|4
2023-07-18|snatch|8
2023-07-18|lockbit3|16
2023-07-18|abyss|2
2023-07-18|8base|2
2023-07-17|medusalocker|1
2023-07-17|ransomblog_noname|1
2023-07-17|stormous|1
2023-07-17|lockbit3|4
2023-07-17|alphv|1
2023-07-17|abyss|2
2023-07-17|donutleaks|1
2023-07-17|clop|9
2023-07-17|rhysida|4
2023-07-17|8base|2
2023-07-17|bianlian|1
2023-07-17|arvinclub|1
2023-07-16|lockbit3|4
2023-07-16|abyss|4
2023-07-16|alphv|1
2023-07-15|moneymessage|2
2023-07-15|lockbit3|16
2023-07-15|stormous|2
2023-07-15|alphv|1
2023-07-14|stormous|1
2023-07-14|alphv|1
2023-07-14|rhysida|3
2023-07-14|knight|1
2023-07-14|cyclops|1
2023-07-14|clop|14
2023-07-14|noescape|4
2023-07-14|lockbit3|2
2023-07-14|8base|4
2023-07-14|snatch|1
2023-07-13|akira|2
2023-07-13|lockbit3|2
2023-07-13|clop|5
2023-07-13|8base|14
2023-07-13|stormous|3
2023-07-12|stormous|3
2023-07-12|lockbit3|2
2023-07-12|clop|10
2023-07-12|arvinclub|1
2023-07-12|bianlian|9
2023-07-12|noescape|3
2023-07-12|alphv|6
2023-07-12|akira|2
2023-07-12|qilin|2
2023-07-11|noescape|1
2023-07-11|clop|10
2023-07-11|stormous|12
2023-07-11|bianlian|2
2023-07-11|akira|2
2023-07-11|qilin|2
2023-07-11|lockbit3|2
2023-07-11|8base|15
2023-07-11|cuba|2
2023-07-11|ransomhouse|1
2023-07-10|ransomhouse|1
2023-07-10|clop|10
2023-07-10|akira|4
2023-07-10|ragnarlocker|2
2023-07-10|rhysida|5
2023-07-10|lockbit3|2
2023-07-09|mallox|2
2023-07-09|lockbit3|2
2023-07-09|bianlian|5
2023-07-09|donutleaks|16
2023-07-09|8base|2
2023-07-09|knight|3
2023-07-09|noescape|3
2023-07-08|medusa|2
2023-07-08|mallox|1
2023-07-07|play|10
2023-07-07|8base|4
2023-07-07|rancoz|2
2023-07-07|clop|12
2023-07-07|rhysida|1
2023-07-06|clop|8
2023-07-06|play|15
2023-07-06|bianlian|6
2023-07-06|lockbit3|10
2023-07-06|akira|2
2023-07-06|alphv|1
2023-07-06|qilin|2
2023-07-06|8base|2
2023-07-05|clop|11
2023-07-05|blacksuit|2
2023-07-05|blackbyte|2
2023-07-05|ragnarlocker|2
2023-07-05|lockbit3|8
2023-07-05|akira|2
2023-07-04|ransomblog_noname|1
2023-07-04|medusalocker|1
2023-07-04|medusa|3
2023-07-04|8base|2
2023-07-03|bianlian|2
2023-07-03|karakurt|2
2023-07-03|lockbit3|4
2023-07-03|alphv|2
2023-07-03|rhysida|3
2023-07-03|medusa|4
2023-07-03|blackbyte|2
2023-07-02|lockbit3|2
2023-07-02|medusalocker|1
2023-07-02|ransomblog_noname|1
2023-07-01|cyclops|3
2023-07-01|mallox|2
2023-07-01|blackbasta|2
2023-07-01|ransomexx|2
2023-07-01|bianlian|6
2023-06-30|clop|12
2023-06-30|alphv|1
2023-06-29|lockbit3|4
2023-06-29|rhysida|3
2023-06-29|akira|6
2023-06-29|clop|14
2023-06-28|rhysida|2
2023-06-28|8base|6
2023-06-28|lockbit3|2
2023-06-28|karakurt|4
2023-06-28|akira|4
2023-06-28|ragroup|1
2023-06-28|alphv|1
2023-06-28|bianlian|8
2023-06-28|mallox|2
2023-06-28|blackbasta|6
2023-06-28|play|8
2023-06-27|rhysida|4
2023-06-27|alphv|1
2023-06-27|mallox|2
2023-06-26|clop|5
2023-06-26|alphv|1
2023-06-26|noescape|3
2023-06-26|akira|6
2023-06-26|karakurt|2
2023-06-26|rhysida|2
2023-06-26|everest|1
2023-06-26|bianlian|2
2023-06-26|8base|10
2023-06-25|medusa|5
2023-06-24|ransomexx|2
2023-06-24|akira|1
2023-06-24|mallox|2
2023-06-24|ransomblog_noname|2
2023-06-24|medusalocker|4
2023-06-23|clop|6
2023-06-23|bianlian|6
2023-06-23|noescape|1
2023-06-23|akira|6
2023-06-23|blackbasta|2
2023-06-22|play|2
2023-06-22|qilin|2
2023-06-22|akira|6
2023-06-22|alphv|2
2023-06-21|rhysida|2
2023-06-21|8base|4
2023-06-21|alphv|5
2023-06-21|akira|6
2023-06-21|play|24
2023-06-21|karakurt|2
2023-06-21|snatch|2
2023-06-21|ragroup|4
2023-06-21|bianlian|6
2023-06-20|mallox|2
2023-06-20|vicesociety|2
2023-06-20|alphv|2
2023-06-20|rhysida|2
2023-06-20|medusa|2
2023-06-20|noescape|3
2023-06-20|blackbasta|2
2023-06-20|lockbit3|6
2023-06-20|8base|4
2023-06-20|clop|6
2023-06-20|snatch|2
2023-06-19|alphv|2
2023-06-19|lockbit3|4
2023-06-19|clop|5
2023-06-19|8base|16
2023-06-19|qilin|2
2023-06-19|medusa|2
2023-06-19|rhysida|1
2023-06-18|rhysida|4
2023-06-18|mallox|2
2023-06-18|alphv|1
2023-06-17|lockbit3|2
2023-06-17|alphv|3
2023-06-17|rhysida|8
2023-06-17|darkrace|9
2023-06-17|ragroup|2
2023-06-16|clop|13
2023-06-16|lockbit3|2
2023-06-16|blackbyte|4
2023-06-15|ransomhouse|4
2023-06-15|alphv|3
2023-06-15|clop|14
2023-06-15|qilin|8
2023-06-15|8base|16
2023-06-15|rhysida|1
2023-06-15|lockbit3|4
2023-06-15|medusa|2
2023-06-14|blackbyte|8
2023-06-14|blacksuit|2
2023-06-14|rancoz|2
2023-06-14|qilin|2
2023-06-14|clop|12
2023-06-14|ransomhouse|2
2023-06-14|ransomblog_noname|2
2023-06-14|blackbasta|2
2023-06-14|alphv|1
2023-06-14|medusalocker|1
2023-06-14|lockbit3|6
2023-06-14|noescape|1
2023-06-14|snatch|9
2023-06-13|snatch|5
2023-06-13|vicesociety|2
2023-06-13|bianlian|4
2023-06-13|8base|2
2023-06-13|lockbit3|8
2023-06-13|alphv|1
2023-06-12|alphv|3
2023-06-12|lockbit3|4
2023-06-12|snatch|2
2023-06-12|noescape|2
2023-06-12|blacksuit|3
2023-06-12|blackbasta|4
2023-06-12|medusa|1
2023-06-12|rhysida|2
2023-06-12|8base|2
2023-06-11|8base|18
2023-06-11|royal|2
2023-06-11|medusa|4
2023-06-10|clop|4
2023-06-10|blackbasta|1
2023-06-10|la_piovra|1
2023-06-10|alphv|2
2023-06-10|rhysida|1
2023-06-09|alphv|1
2023-06-09|unsafe|1
2023-06-09|unsafeleak|1
2023-06-09|akira|8
2023-06-09|lockbit3|4
2023-06-09|daixin|2
2023-06-09|bianlian|1
2023-06-09|qilin|1
2023-06-09|royal|2
2023-06-09|darkrace|1
2023-06-09|medusa|2
2023-06-08|bianlian|7
2023-06-08|lockbit3|3
2023-06-08|qilin|2
2023-06-08|alphv|1
2023-06-07|blackbasta|2
2023-06-07|lockbit3|13
2023-06-07|medusa|2
2023-06-07|akira|2
2023-06-07|qilin|2
2023-06-07|darkrace|2
2023-06-06|lockbit3|46
2023-06-06|alphv|2
2023-06-06|trigona|2
2023-06-06|akira|4
2023-06-06|darkrace|1
2023-06-06|8base|2
2023-06-05|alphv|3
2023-06-05|lockbit3|4
2023-06-05|medusa|4
2023-06-05|blackbasta|2
2023-06-05|akira|2
2023-06-05|karakurt|2
2023-06-05|rhysida|4
2023-06-05|darkrace|1
2023-06-05|snatch|8
2023-06-04|qilin|4
2023-06-04|vicesociety|2
2023-06-04|lockbit3|2
2023-06-04|mallox|1
2023-06-04|darkrace|1
2023-06-03|alphv|2
2023-06-03|darkrace|2
2023-06-03|mallox|8
2023-06-03|medusalocker|2
2023-06-03|snatch|1
2023-06-02|snatch|1
2023-06-02|lockbit3|8
2023-06-02|ransomblog_noname|1
2023-06-02|alphv|1
2023-06-02|play|20
2023-06-02|darkrace|1
2023-06-01|bianlian|14
2023-06-01|lockbit3|2
2023-06-01|akira|2
2023-06-01|alphv|1
2023-06-01|trigona|1
2023-06-01|ransomhouse|2
2023-05-31|alphv|1
2023-05-31|lockbit3|2
2023-05-31|darkrace|1
2023-05-31|blackbasta|2
2023-05-30|lockbit3|8
2023-05-30|trigona|1
2023-05-30|akira|6
2023-05-30|monti|2
2023-05-30|blackbasta|2
2023-05-30|alphv|1
2023-05-30|ragroup|2
2023-05-29|play|2
2023-05-29|vicesociety|2
2023-05-29|alphv|1
2023-05-29|lockbit3|4
2023-05-29|bianlian|6
2023-05-29|akira|6
2023-05-29|nokoyawa|2
2023-05-29|medusa|2
2023-05-28|lockbit3|4
2023-05-28|ragnarlocker|2
2023-05-27|bianlian|8
2023-05-27|dunghill|3
2023-05-27|medusa|2
2023-05-27|lockbit3|1
2023-05-26|monti|2
2023-05-26|ragroup|1
2023-05-26|lockbit3|16
2023-05-26|8base|2
2023-05-26|royal|20
2023-05-26|trigona|2
2023-05-26|alphv|2
2023-05-25|blackbyte|2
2023-05-25|alphv|1
2023-05-25|lockbit3|7
2023-05-25|trigona|2
2023-05-24|lockbit3|5
2023-05-24|alphv|2
2023-05-24|medusa|2
2023-05-24|bianlian|2
2023-05-23|8base|132
2023-05-23|nokoyawa|48
2023-05-23|trigona|1
2023-05-23|stormous|11
2023-05-23|royal|4
2023-05-23|medusa|4
2023-05-23|bianlian|4
2023-05-23|lockbit3|6
2023-05-23|karakurt|2
2023-05-23|rancoz|2
2023-05-23|blacksuit|1
2023-05-23|malas|4
2023-05-23|cuba|2
2023-05-23|play|7
2023-05-23|snatch|2
2023-05-22|play|13
2023-05-22|qilin|4
2023-05-22|vicesociety|2
2023-05-22|bianlian|8
2023-05-22|royal|11
2023-05-22|lockbit3|12
2023-05-22|akira|2
2023-05-22|medusa|4
2023-05-22|trigona|1
2023-05-22|alphv|1
2023-05-22|snatch|12
2023-05-21|lockbit3|6
2023-05-21|alphv|2
2023-05-20|blackbasta|2
2023-05-19|qilin|6
2023-05-19|medusa|2
2023-05-19|akira|2
2023-05-19|trigona|2
2023-05-19|royal|2
2023-05-19|lockbit3|2
2023-05-19|alphv|1
2023-05-18|lockbit3|8
2023-05-18|ragnarlocker|2
2023-05-18|royal|2
2023-05-18|alphv|2
2023-05-18|trigona|2
2023-05-18|malas|2
2023-05-18|bianlian|6
2023-05-17|blackbasta|2
2023-05-17|vicesociety|2
2023-05-17|alphv|3
2023-05-17|blackbyte|2
2023-05-17|lockbit3|2
2023-05-16|lockbit3|8
2023-05-16|play|2
2023-05-16|alphv|1
2023-05-16|trigona|2
2023-05-16|snatch|1
2023-05-15|snatch|1
2023-05-15|abyss|4
2023-05-15|medusa|2
2023-05-15|alphv|4
2023-05-15|royal|2
2023-05-15|trigona|2
2023-05-15|lockbit3|6
2023-05-15|karakurt|2
2023-05-15|monti|2
2023-05-14|lockbit3|6
2023-05-13|trigona|2
2023-05-13|medusa|2
2023-05-13|alphv|1
2023-05-13|monti|1
2023-05-12|monti|1
2023-05-12|medusa|2
2023-05-12|moneymessage|1
2023-05-12|lockbit3|6
2023-05-12|karakurt|2
2023-05-12|akira|2
2023-05-12|blackbyte|2
2023-05-12|alphv|1
2023-05-12|abyss|2
2023-05-11|vicesociety|2
2023-05-11|alphv|1
2023-05-11|akira|4
2023-05-11|bianlian|15
2023-05-11|monti|4
2023-05-11|lockbit3|10
2023-05-11|trigona|3
2023-05-11|ragroup|4
2023-05-10|play|6
2023-05-10|alphv|2
2023-05-10|akira|21
2023-05-10|monti|2
2023-05-10|cuba|2
2023-05-10|lockbit3|2
2023-05-10|medusa|2
2023-05-09|akira|2
2023-05-09|lockbit3|8
2023-05-09|bianlian|26
2023-05-09|trigona|2
2023-05-09|play|2
2023-05-08|monti|4
2023-05-08|abyss|4
2023-05-08|lockbit3|8
2023-05-08|alphv|1
2023-05-07|lockbit3|4
2023-05-07|alphv|1
2023-05-06|monti|2
2023-05-06|ragroup|4
2023-05-05|medusa|2
2023-05-05|alphv|6
2023-05-05|bianlian|10
2023-05-05|akira|4
2023-05-05|rancoz|2
2023-05-05|qilin|8
2023-05-05|royal|2
2023-05-04|lockbit3|4
2023-05-04|blackbyte|2
2023-05-04|trigona|1
2023-05-04|akira|3
2023-05-04|alphv|1
2023-05-04|blackbasta|2
2023-05-04|cuba|2
2023-05-04|medusa|2
2023-05-04|clop|2
2023-05-04|royal|2
2023-05-03|blackbasta|4
2023-05-03|qilin|2
2023-05-03|play|19
2023-05-03|monti|4
2023-05-03|lockbit3|4
2023-05-03|royal|4
2023-05-03|akira|2
2023-05-03|alphv|1
2023-05-03|snatch|1
2023-05-02|snatch|1
2023-05-02|lockbit3|6
2023-05-02|clop|2
2023-05-02|ransomhouse|2
2023-05-02|alphv|4
2023-05-02|blackbasta|1
2023-05-02|medusa|4
2023-05-02|vicesociety|2
2023-05-02|royal|4
2023-05-01|bianlian|3
2023-05-01|akira|4
2023-05-01|royal|2
2023-05-01|ransomhouse|1
2023-04-30|ransomhouse|1
2023-04-30|qilin|2
2023-04-30|vicesociety|2
2023-04-30|blackbasta|1
2023-04-29|alphv|3
2023-04-29|lockbit3|6
2023-04-29|blackbasta|1
2023-04-29|karakurt|2
2023-04-29|ransomhouse|1
2023-04-28|ransomhouse|1
2023-04-28|alphv|2
2023-04-28|bianlian|8
2023-04-28|blackbasta|9
2023-04-28|clop|2
2023-04-27|alphv|1
2023-04-27|akira|4
2023-04-27|karakurt|2
2023-04-27|blackbasta|7
2023-04-27|lockbit3|1
2023-04-26|lockbit3|9
2023-04-26|everest|3
2023-04-26|alphv|4
2023-04-26|ransomhouse|6
2023-04-26|akira|13
2023-04-26|medusa|2
2023-04-26|blackbasta|1
2023-04-26|cryptnet|2
2023-04-25|alphv|3
2023-04-25|ragnarlocker|2
2023-04-25|lockbit3|26
2023-04-25|blackbyte|2
2023-04-25|bianlian|13
2023-04-25|medusa|2
2023-04-25|royal|2
2023-04-24|lockbit3|28
2023-04-24|karakurt|6
2023-04-24|medusa|2
2023-04-24|royal|6
2023-04-23|lockbit3|4
2023-04-23|medusa|2
2023-04-23|alphv|3
2023-04-23|blackbasta|4
2023-04-22|blackbyte|2
2023-04-22|play|4
2023-04-22|vicesociety|2
2023-04-22|lockbit3|2
2023-04-22|blackbasta|1
2023-04-22|royal|1
2023-04-21|royal|1
2023-04-21|alphv|14
2023-04-21|clop|2
2023-04-21|karakurt|2
2023-04-21|lockbit3|9
2023-04-20|lockbit3|1
2023-04-19|everest|4
2023-04-19|lockbit3|16
2023-04-19|cryptnet|2
2023-04-19|alphv|2
2023-04-19|bianlian|28
2023-04-19|blackbasta|3
2023-04-18|play|10
2023-04-18|trigona|6
2023-04-18|royal|4
2023-04-18|karakurt|2
2023-04-18|blackbasta|1
2023-04-18|crosslock|1
2023-04-18|abyss|2
2023-04-18|vicesociety|2
2023-04-18|alphv|1
2023-04-18|lockbit3|2
2023-04-17|trigona|6
2023-04-17|crosslock|1
2023-04-17|lockbit3|10
2023-04-17|karakurt|2
2023-04-17|unsafeleak|1
2023-04-17|unsafe|1
2023-04-17|medusa|2
2023-04-17|royal|4
2023-04-16|royal|4
2023-04-15|vicesociety|2
2023-04-15|alphv|2
2023-04-15|blackbyte|6
2023-04-15|medusa|2
2023-04-14|lockbit3|6
2023-04-13|unsafeleak|1
2023-04-13|lockbit3|20
2023-04-13|alphv|2
2023-04-13|unsafe|1
2023-04-13|bianlian|18
2023-04-12|qilin|1
2023-04-12|play|2
2023-04-12|royal|2
2023-04-12|karakurt|4
2023-04-12|blackbasta|1
2023-04-11|play|2
2023-04-11|lockbit3|22
2023-04-11|bianlian|14
2023-04-11|alphv|1
2023-04-11|medusalocker|1
2023-04-10|dunghill|1
2023-04-10|dunghill_leak|1
2023-04-10|ransomblog_noname|1
2023-04-10|royal|10
2023-04-10|bianlian|3
2023-04-10|lockbit3|16
2023-04-10|medusa|2
2023-04-09|blackbyte|8
2023-04-09|malas|168
2023-04-09|lockbit3|1
2023-04-09|play|10
2023-04-08|lockbit3|1
2023-04-08|blackbasta|4
2023-04-08|alphv|1
2023-04-08|moneymessage|2
2023-04-07|lockbit3|6
2023-04-07|alphv|3
2023-04-07|everest|1
2023-04-07|blackbasta|2
2023-04-07|medusa|2
2023-04-07|royal|4
2023-04-07|moneymessage|1
2023-04-06|snatch|2
2023-04-06|lockbit3|2
2023-04-06|karakurt|2
2023-04-06|bianlian|8
2023-04-06|alphv|2
2023-04-06|medusa|2
2023-04-05|lockbit3|12
2023-04-05|moneymessage|2
2023-04-05|alphv|5
2023-04-05|lorenz|10
2023-04-04|blackbasta|6
2023-04-04|lockbit3|8
2023-04-04|alphv|2
2023-04-03|moneymessage|3
2023-04-03|lockbit3|8
2023-04-03|stormous|14
2023-04-03|medusa|2
2023-04-03|blackbasta|3
2023-04-03|royal|10
2023-04-03|ransomhouse|2
2023-04-02|clop|2
2023-04-02|alphv|1
2023-04-02|moneymessage|2
2023-04-02|snatch|2
2023-04-02|medusa|2
2023-04-01|moneymessage|2
2023-04-01|alphv|2
2023-04-01|lockbit3|4
2023-04-01|royal|4
2023-03-31|lockbit3|6
2023-03-31|karakurt|2
2023-03-31|royal|2
2023-03-31|vicesociety|2
2023-03-31|stormous|4
2023-03-30|lockbit3|6
2023-03-30|stormous|21
2023-03-30|clop|2
2023-03-30|moneymessage|2
2023-03-30|abyss|2
2023-03-30|alphv|1
2023-03-30|ransomhouse|2
2023-03-29|ransomblog_noname|1
2023-03-29|daixin|2
2023-03-29|ragnarlocker|4
2023-03-29|lockbit3|6
2023-03-29|moneymessage|2
2023-03-29|karakurt|2
2023-03-29|bianlian|12
2023-03-29|royal|10
2023-03-29|blackbasta|2
2023-03-28|play|6
2023-03-28|ransomhouse|2
2023-03-28|blackbasta|1
2023-03-28|karakurt|2
2023-03-28|bianlian|7
2023-03-28|lockbit3|5
2023-03-28|snatch|1
2023-03-27|snatch|1
2023-03-27|lockbit3|13
2023-03-27|alphv|1
2023-03-27|ransomhouse|2
2023-03-27|stormous|5
2023-03-27|abyss|2
2023-03-27|blackbasta|2
2023-03-27|royal|2
2023-03-26|play|18
2023-03-26|stormous|3
2023-03-26|alphv|1
2023-03-25|lockbit3|10
2023-03-25|stormous|9
2023-03-25|abyss|6
2023-03-24|ransomhouse|2
2023-03-24|clop|54
2023-03-24|alphv|5
2023-03-24|mallox|1
2023-03-24|lockbit3|4
2023-03-24|blackbasta|1
2023-03-24|medusa|2
2023-03-23|vicesociety|2
2023-03-23|ransomhouse|2
2023-03-23|monti|2
2023-03-23|blackbasta|8
2023-03-23|clop|76
2023-03-23|alphv|1
2023-03-23|royal|2
2023-03-22|clop|8
2023-03-22|blackbasta|4
2023-03-22|everest|2
2023-03-22|abyss|1
2023-03-22|ransomhouse|2
2023-03-22|alphv|1
2023-03-21|lockbit3|30
2023-03-21|royal|2
2023-03-21|blackbasta|1
2023-03-21|medusa|2
2023-03-21|abyss|5
2023-03-20|ransomhouse|2
2023-03-20|lockbit3|4
2023-03-20|clop|2
2023-03-20|blackbyte|2
2023-03-20|karakurt|2
2023-03-19|blackbasta|6
2023-03-19|lockbit3|12
2023-03-19|alphv|1
2023-03-19|monti|4
2023-03-19|medusa|2
2023-03-18|alphv|3
2023-03-18|medusa|1
2023-03-18|royal|2
2023-03-18|clop|57
2023-03-17|monti|2
2023-03-17|lockbit3|9
2023-03-17|play|14
2023-03-17|royal|4
2023-03-17|alphv|3
2023-03-17|blackbasta|6
2023-03-17|vicesociety|1
2023-03-17|medusa|1
2023-03-16|lockbit3|14
2023-03-16|clop|26
2023-03-16|bianlian|2
2023-03-16|blackbasta|12
2023-03-16|blackbyte|4
2023-03-16|vicesociety|1
2023-03-15|royal|2
2023-03-15|monti|2
2023-03-15|everest|2
2023-03-14|lockbit3|9
2023-03-14|ransomhouse|2
2023-03-14|clop|2
2023-03-14|lorenz|4
2023-03-14|medusa|2
2023-03-14|alphv|5
2023-03-13|lockbit3|8
2023-03-13|ransomhouse|2
2023-03-13|play|2
2023-03-13|bianlian|5
2023-03-13|medusa|2
2023-03-11|ransomhouse|2
2023-03-11|darkpower|10
2023-03-11|vicesociety|2
2023-03-11|play|5
2023-03-11|lockbit3|27
2023-03-10|play|5
2023-03-10|lockbit3|22
2023-03-10|royal|18
2023-03-10|clop|5
2023-03-10|medusa|1
2023-03-09|medusa|3
2023-03-09|lockbit3|3
2023-03-09|royal|8
2023-03-09|blackbyte|1
2023-03-08|royal|2
2023-03-08|blackbasta|31
2023-03-08|blackbyte|1
2023-03-08|monti|1
2023-03-07|clop|1
2023-03-07|monti|1
2023-03-07|medusa|2
2023-03-06|royal|6
2023-03-06|mallox|2
2023-03-06|vicesociety|2
2023-03-06|medusa|2
2023-03-06|clop|1
2023-03-06|alphv|2
2023-03-05|vicesociety|2
2023-03-05|mallox|2
2023-03-05|bianlian|16
2023-03-04|mallox|2
2023-03-04|alphv|4
2023-03-03|vicesociety|2
2023-03-03|ragnarlocker|3
2023-03-03|bianlian|13
2023-03-03|play|2
2023-03-02|royal|2
2023-03-02|alphv|1
2023-03-02|ransomexx|2
2023-03-02|lockbit3|2
2023-03-02|snatch|1
2023-03-02|play|2
2023-03-01|snatch|1
2023-03-01|ransomhouse|4
2023-03-01|qilin|1
2023-03-01|vicesociety|2
2023-03-01|lockbit3|8
2023-03-01|medusa|3
2023-03-01|alphv|1
2023-02-28|lockbit3|24
2023-02-28|alphv|2
2023-02-27|snatch|4
2023-02-27|lockbit3|18
2023-02-27|vendetta|4
2023-02-27|medusa|10
2023-02-26|bianlian|7
2023-02-26|alphv|1
2023-02-25|alphv|1
2023-02-24|lockbit3|4
2023-02-24|play|2
2023-02-24|royal|2
2023-02-24|alphv|1
2023-02-23|alphv|2
2023-02-23|mallox|2
2023-02-23|royal|1
2023-02-23|ransomhouse|3
2023-02-22|royal|1
2023-02-22|ransomhouse|1
2023-02-22|alphv|7
2023-02-22|ragnarlocker|2
2023-02-22|medusa|2
2023-02-22|ransomexx|2
2023-02-22|lockbit3|8
2023-02-21|lockbit3|12
2023-02-21|vendetta|1
2023-02-21|play|2
2023-02-21|lorenz|1
2023-02-20|lorenz|1
2023-02-20|royal|6
2023-02-20|qilin|2
2023-02-20|lockbit3|2
2023-02-19|medusa|1
2023-02-19|lockbit3|12
2023-02-18|alphv|5
2023-02-18|lockbit3|20
2023-02-17|lockbit3|11
2023-02-17|bianlian|8
2023-02-17|medusa|1
2023-02-16|lockbit3|11
2023-02-16|royal|2
2023-02-16|mallox|6
2023-02-15|lockbit3|14
2023-02-15|medusa|2
2023-02-15|alphv|1
2023-02-14|play|4
2023-02-14|royal|4
2023-02-14|lockbit3|6
2023-02-14|ransomhouse|2
2023-02-14|alphv|2
2023-02-13|medusa|1
2023-02-13|lockbit3|22
2023-02-13|royal|2
2023-02-12|lockbit3|18
2023-02-12|vendetta|1
2023-02-12|blackbyte|2
2023-02-12|alphv|1
2023-02-12|bianlian|3
2023-02-12|0mega|2
2023-02-12|daixin|1
2023-02-11|daixin|1
2023-02-11|bianlian|10
2023-02-11|avoslocker|9
2023-02-11|medusa|1
2023-02-10|royal|2
2023-02-10|ransomhouse|1
2023-02-09|ransomhouse|1
2023-02-09|play|3
2023-02-09|medusa|1
2023-02-09|lockbit3|4
2023-02-09|vicesociety|2
2023-02-08|play|5
2023-02-08|alphv|3
2023-02-08|royal|2
2023-02-08|lockbit3|2
2023-02-07|blackbyte|2
2023-02-07|lockbit3|4
2023-02-07|ransomhouse|2
2023-02-06|play|4
2023-02-06|lorenz|2
2023-02-06|lockbit3|18
2023-02-06|bianlian|8
2023-02-06|royal|2
2023-02-06|alphv|1
2023-02-05|lockbit3|4
2023-02-05|alphv|1
2023-02-04|alphv|1
2023-02-04|lockbit3|2
2023-02-03|lockbit3|22
2023-02-03|play|2
2023-02-03|medusa|4
2023-02-02|lockbit3|20
2023-02-02|alphv|2
2023-02-02|royal|4
2023-02-02|medusa|1
2023-02-01|bianlian|2
2023-02-01|vicesociety|2
2023-02-01|royal|2
2023-01-31|vicesociety|5
2023-01-31|lockbit3|8
2023-01-30|vicesociety|3
2023-01-30|royal|2
2023-01-30|medusa|1
2023-01-30|lockbit3|28
2023-01-29|vicesociety|2
2023-01-29|lockbit3|2
2023-01-28|vicesociety|4
2023-01-28|lockbit3|2
2023-01-28|alphv|2
2023-01-28|clop|1
2023-01-28|play|1
2023-01-27|play|1
2023-01-27|alphv|1
2023-01-27|lockbit3|1
2023-01-27|vicesociety|1
2023-01-26|vicesociety|1
2023-01-26|bianlian|4
2023-01-26|royal|6
2023-01-26|alphv|2
2023-01-26|play|2
2023-01-25|mallox|6
2023-01-25|medusa|1
2023-01-25|lockbit3|2
2023-01-25|alphv|1
2023-01-24|lockbit3|4
2023-01-24|alphv|1
2023-01-23|play|2
2023-01-23|vicesociety|3
2023-01-22|lockbit3|4
2023-01-21|lockbit3|2
2023-01-21|royal|4
2023-01-21|bianlian|6
2023-01-21|freecivilian|14
2023-01-21|blackbasta|4
2023-01-20|daixin|2
2023-01-20|lockbit3|2
2023-01-20|medusa|1
2023-01-20|vicesociety|2
2023-01-19|alphv|3
2023-01-18|lockbit3|4
2023-01-18|mallox|2
2023-01-18|royal|2
2023-01-17|royal|4
2023-01-17|clop|1
2023-01-16|hive|1
2023-01-16|hiveleak|1
2023-01-16|blackbyte|2
2023-01-16|royal|4
2023-01-16|vicesociety|2
2023-01-16|lockbit3|10
2023-01-16|mallox|2
2023-01-16|play|2
2023-01-15|play|2
2023-01-15|mallox|2
2023-01-14|lockbit3|2
2023-01-14|vicesociety|4
2023-01-14|ransomhouse|2
2023-01-14|royal|4
2023-01-14|blackbyte|2
2023-01-13|clop|1
2023-01-13|lockbit3|2
2023-01-13|ransomhouse|2
2023-01-13|alphv|4
2023-01-12|royal|6
2023-01-12|lockbit3|12
2023-01-12|snatch|2
2023-01-12|ransomhouse|2
2023-01-11|hiveleak|1
2023-01-11|hive|1
2023-01-11|play|4
2023-01-11|medusa|2
2023-01-11|lockbit3|2
2023-01-11|mallox|2
2023-01-10|lorenz|6
2023-01-10|lockbit3|2
2023-01-10|vicesociety|2
2023-01-09|0mega|2
2023-01-09|karakurt|2
2023-01-09|alphv|1
2023-01-08|lockbit3|4
2023-01-07|alphv|4
2023-01-07|vicesociety|4
2023-01-07|avoslocker|1
2023-01-07|lockbit3|6
2023-01-06|vicesociety|12
2023-01-06|royal|4
2023-01-06|hiveleak|1
2023-01-06|hive|1
2023-01-05|blackbyte|6
2023-01-05|nokoyawa|1
2023-01-05|royal|2
2023-01-05|clop|1
2023-01-04|clop|1
2023-01-04|blackbyte|2
2023-01-03|play|8
2023-01-03|everest|2
2023-01-03|alphv|1
2023-01-02|play|4
2023-01-01|play|2
2023-01-01|lockbit3|2
2022-12-31|hiveleak|1
2022-12-31|lockbit3|4
2022-12-31|royal|2
2022-12-31|freecivilian|14
2022-12-31|hive|1
2022-12-30|royal|4
2022-12-30|lockbit3|2
2022-12-30|hiveleak|1
2022-12-30|hive|1
2022-12-29|royal|2
2022-12-29|blackbyte|2
2022-12-29|bianlian|7
2022-12-29|lockbit3|2
2022-12-28|alphv|2
2022-12-28|royal|3
2022-12-28|ragnarlocker|2
2022-12-28|snatch|12
2022-12-27|royal|11
2022-12-27|cuba|2
2022-12-27|alphv|5
2022-12-27|play|2
2022-12-26|royal|2
2022-12-26|avoslocker|41
2022-12-26|unsafeleak|7
2022-12-26|alphv|1
2022-12-25|royal|2
2022-12-24|ransomhouse|2
2022-12-24|lockbit3|2
2022-12-23|bianlian|8
2022-12-23|lockbit3|4
2022-12-23|royal|4
2022-12-22|lockbit3|4
2022-12-22|ransomhouse|2
2022-12-22|alphv|2
2022-12-22|royal|1
2022-12-22|monti|2
2022-12-22|clop|122
2022-12-22|hiveleak|1
2022-12-22|hive|1
2022-12-22|play|4
2022-12-22|bianlian|1
2022-12-21|bianlian|7
2022-12-21|hiveleak|2
2022-12-21|hive|1
2022-12-21|royal|2
2022-12-21|karakurt|2
2022-12-21|unsafe|8
2022-12-20|hive|7
2022-12-20|karakurt|2
2022-12-20|ragnarlocker|4
2022-12-20|royal|2
2022-12-20|hiveleak|6
2022-12-20|vicesociety|14
2022-12-20|cuba|2
2022-12-20|lockbit3|2
2022-12-19|ransomhouse|2
2022-12-19|blackbasta|3
2022-12-19|royal|2
2022-12-19|lockbit3|26
2022-12-18|projectrelic|1
2022-12-18|karakurt|2
2022-12-18|play|10
2022-12-18|royal|2
2022-12-17|royal|1
2022-12-17|bianlian|2
2022-12-17|vicesociety|2
2022-12-16|play|4
2022-12-16|royal|22
2022-12-16|vicesociety|2
2022-12-16|karakurt|4
2022-12-16|bianlian|2
2022-12-15|bianlian|14
2022-12-15|vicesociety|2
2022-12-15|royal|2
2022-12-15|alphv|2
2022-12-15|lockbit3|2
2022-12-14|hive|2
2022-12-14|hiveleak|2
2022-12-14|blackbasta|1
2022-12-14|alphv|1
2022-12-14|mallox|2
2022-12-14|play|3
2022-12-13|karakurt|2
2022-12-13|blackbasta|2
2022-12-13|ragnarlocker|2
2022-12-13|royal|1
2022-12-13|alphv|3
2022-12-13|play|4
2022-12-12|bianlian|6
2022-12-12|lockbit3|20
2022-12-12|cuba|2
2022-12-12|play|1
2022-12-11|play|14
2022-12-11|bianlian|11
2022-12-11|ransomexx|2
2022-12-11|karakurt|74
2022-12-11|dataleak|6
2022-12-10|hiveleak|1
2022-12-10|hive|1
2022-12-10|alphv|2
2022-12-10|lockbit3|6
2022-12-09|nokoyawa|1
2022-12-09|lockbit3|4
2022-12-09|clop|1
2022-12-09|blackbasta|20
2022-12-09|quantum|12
2022-12-09|play|2
2022-12-08|vicesociety|2
2022-12-08|alphv|1
2022-12-08|play|1
2022-12-07|lorenz|2
2022-12-07|monti|1
2022-12-07|royal|1
2022-12-07|alphv|1
2022-12-07|play|6
2022-12-06|vicesociety|2
2022-12-06|blackbasta|2
2022-12-06|lockbit3|6
2022-12-06|play|1
2022-12-06|hive|1
2022-12-06|hiveleak|1
2022-12-06|alphv|3
2022-12-05|ransomhouse|10
2022-12-05|lockbit3|7
2022-12-05|vicesociety|2
2022-12-05|bianlian|20
2022-12-05|alphv|2
2022-12-05|play|1
2022-12-04|lockbit3|5
2022-12-04|royal|2
2022-12-04|alphv|5
2022-12-03|royal|2
2022-12-02|royal|4
2022-12-02|lockbit3|16
2022-12-02|dataleak|6
2022-12-01|blackbasta|2
2022-12-01|cuba|6
2022-12-01|lorenz|1
2022-11-30|lorenz|1
2022-11-30|cuba|2
2022-11-30|alphv|1
2022-11-29|vicesociety|2
2022-11-29|lockbit3|2
2022-11-29|alphv|1
2022-11-29|royal|3
2022-11-29|play|1
2022-11-28|revil|4
2022-11-28|royal|3
2022-11-28|play|3
2022-11-28|lockbit3|2
2022-11-28|alphv|1
2022-11-28|vicesociety|2
2022-11-28|snatch|1
2022-11-27|snatch|1
2022-11-27|bianlian|12
2022-11-27|lv|2
2022-11-26|play|7
2022-11-26|royal|2
2022-11-25|hive|1
2022-11-25|ragnarlocker|2
2022-11-25|blackbasta|2
2022-11-25|hiveleak|1
2022-11-24|bianlian|16
2022-11-24|alphv|1
2022-11-24|royal|2
2022-11-24|vicesociety|2
2022-11-24|cuba|2
2022-11-24|daixin|2
2022-11-23|hive|1
2022-11-23|everest|2
2022-11-23|hiveleak|1
2022-11-22|blackbyte|2
2022-11-22|ransomhouse|1
2022-11-22|ragnarlocker|2
2022-11-22|lockbit3|4
2022-11-21|everest|2
2022-11-21|onyx|28
2022-11-21|qilin|5
2022-11-20|snatch|4
2022-11-20|alphv|1
2022-11-20|lockbit3|2
2022-11-20|royal|2
2022-11-19|daixin|2
2022-11-19|lockbit3|2
2022-11-19|lv|2
2022-11-18|royal|4
2022-11-18|alphv|1
2022-11-17|vicesociety|2
2022-11-17|alphv|1
2022-11-17|blackbasta|2
2022-11-17|royal|2
2022-11-16|everest|2
2022-11-16|ragnarlocker|2
2022-11-16|blackbasta|2
2022-11-15|royal|6
2022-11-15|hive|2
2022-11-15|hiveleak|2
2022-11-15|lockbit3|10
2022-11-15|medusalocker|20
2022-11-15|memedusalockerdusa|1
2022-11-15|ransomblog_noname|21
2022-11-14|lockbit3|2
2022-11-14|vicesociety|2
2022-11-14|lv|2
2022-11-14|lorenz|4
2022-11-13|snatch|4
2022-11-13|blackbasta|2
2022-11-13|quantum|2
2022-11-13|alphv|1
2022-11-12|revil|1
2022-11-12|alphv|1
2022-11-12|projectrelic|5
2022-11-11|royal|4
2022-11-11|lv|2
2022-11-11|projectrelic|4
2022-11-11|alphv|2
2022-11-11|lockbit3|2
2022-11-11|everest|2
2022-11-10|vicesociety|2
2022-11-10|lorenz|2
2022-11-10|hive|1
2022-11-10|hiveleak|1
2022-11-10|alphv|1
2022-11-09|lockbit3|16
2022-11-09|vicesociety|2
2022-11-09|royal|6
2022-11-09|lv|2
2022-11-09|cuba|2
2022-11-08|royal|4
2022-11-08|alphv|1
2022-11-08|hive|1
2022-11-08|hiveleak|1
2022-11-08|lockbit3|4
2022-11-07|blackbasta|4
2022-11-07|hive|3
2022-11-07|hiveleak|3
2022-11-07|royal|6
2022-11-07|blackbyte|2
2022-11-07|alphv|1
2022-11-07|lockbit3|2
2022-11-07|revil|1
2022-11-06|vicesociety|2
2022-11-06|lockbit3|6
2022-11-06|alphv|1
2022-11-05|lockbit3|4
2022-11-05|royal|2
2022-11-05|blackbasta|2
2022-11-05|blackbyte|4
2022-11-04|royal|40
2022-11-04|mallox|8
2022-11-04|cuba|74
2022-11-04|bianlian|1
2022-11-03|lockbit3|5
2022-11-03|hive|1
2022-11-03|hiveleak|1
2022-11-03|lv|2
2022-11-03|blackbasta|1
2022-11-03|vicesociety|1
2022-11-02|vicesociety|1
2022-11-02|lv|20
2022-11-02|lockbit3|1
2022-11-02|blackbasta|1
2022-11-02|quantum|2
2022-11-01|snatch|2
2022-11-01|vicesociety|4
2022-11-01|lockbit3|2
2022-11-01|quantum|2
2022-11-01|shaoleaks|4
2022-11-01|bianlian|1
2022-10-31|blackbasta|6
2022-10-31|shaoleaks|4
2022-10-31|lockbit3|15
2022-10-30|lockbit3|24
2022-10-30|snatch|2
2022-10-29|lockbit3|5
2022-10-29|alphv|2
2022-10-29|blackbyte|2
2022-10-29|vicesociety|2
2022-10-28|vicesociety|2
2022-10-28|alphv|1
2022-10-28|everest|2
2022-10-27|ragnarlocker|2
2022-10-27|lockbit3|4
2022-10-27|alphv|4
2022-10-27|lorenz|2
2022-10-27|everest|2
2022-10-26|blackbyte|4
2022-10-26|blackbasta|4
2022-10-26|ragnarlocker|1
2022-10-25|lockbit3|2
2022-10-25|everest|2
2022-10-25|ransomhouse|1
2022-10-25|hiveleak|1
2022-10-24|hive|1
2022-10-24|lockbit3|2
2022-10-24|snatch|1
2022-10-23|snatch|1
2022-10-23|clop|2
2022-10-23|blackbasta|7
2022-10-23|vicesociety|16
2022-10-23|quantum|1
2022-10-23|everest|2
2022-10-22|alphv|1
2022-10-21|blackbyte|2
2022-10-21|everest|1
2022-10-21|blackbasta|1
2022-10-20|quantum|1
2022-10-20|blackbyte|2
2022-10-20|blackbasta|4
2022-10-20|everest|1
2022-10-20|alphv|1
2022-10-19|blackbasta|4
2022-10-19|clop|1
2022-10-19|snatch|1
2022-10-19|quantum|1
2022-10-19|ransomexx|1
2022-10-19|ragnarlocker|2
2022-10-19|lorenz|1
2022-10-18|ragnarlocker|2
2022-10-18|snatch|1
2022-10-18|lorenz|1
2022-10-18|everest|6
2022-10-18|quantum|1
2022-10-18|ransomexx|1
2022-10-18|blackbasta|1
2022-10-17|blackbasta|1
2022-10-17|lockbit3|2
2022-10-16|lockbit3|6
2022-10-15|lockbit3|14
2022-10-15|everest|2
2022-10-15|alphv|1
2022-10-14|lockbit3|9
2022-10-14|everest|2
2022-10-14|alphv|2
2022-10-13|everest|2
2022-10-13|lockbit3|2
2022-10-13|ragnarlocker|2
2022-10-12|everest|2
2022-10-12|lockbit3|8
2022-10-12|blackbasta|12
2022-10-12|ransomhouse|7
2022-10-11|everest|2
2022-10-11|ragnarlocker|1
2022-10-11|ransomexx|2
2022-10-11|alphv|1
2022-10-11|lockbit3|1
2022-10-11|blackbasta|1
2022-10-10|ragnarlocker|3
2022-10-10|lockbit3|7
2022-10-10|everest|4
2022-10-10|blackbasta|1
2022-10-09|lockbit3|10
2022-10-09|hive|1
2022-10-09|hiveleak|1
2022-10-08|alphv|3
2022-10-08|qilin|7
2022-10-07|everest|4
2022-10-07|alphv|4
2022-10-06|blackbasta|3
2022-10-06|everest|4
2022-10-06|bianlian|6
2022-10-06|lockbit3|1
2022-10-05|snatch|8
2022-10-05|lockbit3|1
2022-10-05|blackbasta|1
2022-10-05|ragnarlocker|2
2022-10-05|bianlian|6
2022-10-04|bianlian|16
2022-10-04|blackbasta|4
2022-10-03|ragnarlocker|4
2022-10-02|ransomexx|2
2022-10-02|alphv|5
2022-10-02|bianlian|1
2022-10-01|blackbyte|4
2022-10-01|everest|2
2022-10-01|bianlian|1
2022-10-01|ransomexx|2
2022-10-01|donutleaks|1
2022-10-01|lockbit3|4
2022-09-30|blackbasta|2
2022-09-30|hive|1
2022-09-30|vicesociety|2
2022-09-30|lockbit3|6
2022-09-30|hiveleak|1
2022-09-29|everest|2
2022-09-29|blackbasta|2
2022-09-29|lockbit3|2
2022-09-29|alphv|2
2022-09-28|donutleaks|3
2022-09-28|lockbit3|3
2022-09-27|blackbasta|6
2022-09-27|hiveleak|2
2022-09-27|hive|3
2022-09-27|lockbit3|5
2022-09-27|onyx|2
2022-09-27|cuba|2
2022-09-26|hive|3
2022-09-26|blackbasta|2
2022-09-26|lockbit3|4
2022-09-26|hiveleak|4
2022-09-26|vicesociety|2
2022-09-26|everest|1
2022-09-25|lockbit3|6
2022-09-25|everest|1
2022-09-25|blackbasta|2
2022-09-25|alphv|1
2022-09-24|alphv|3
2022-09-23|lockbit3|2
2022-09-23|blackbasta|2
2022-09-22|vicesociety|2
2022-09-22|lockbit3|10
2022-09-22|sparta|2
2022-09-22|redalert|1
2022-09-21|redalert|1
2022-09-21|hiveleak|1
2022-09-21|everest|2
2022-09-21|hive|1
2022-09-21|lockbit3|8
2022-09-21|blackbasta|5
2022-09-20|blackbasta|1
2022-09-20|vicesociety|2
2022-09-20|hive|1
2022-09-20|hiveleak|1
2022-09-20|lockbit3|2
2022-09-20|pysa|1
2022-09-19|ragnarlocker|3
2022-09-19|lockbit3|12
2022-09-19|alphv|1
2022-09-19|everest|2
2022-09-19|hive|1
2022-09-19|hiveleak|1
2022-09-19|blackbasta|2
2022-09-19|blackbyte|4
2022-09-17|alphv|1
2022-09-17|lockbit3|2
2022-09-16|lorenz|2
2022-09-16|lockbit3|10
2022-09-15|lockbit3|8
2022-09-15|alphv|1
2022-09-15|hive|2
2022-09-15|hiveleak|2
2022-09-15|0mega|2
2022-09-15|everest|2
2022-09-14|lockbit3|70
2022-09-14|alphv|8
2022-09-14|sparta|6
2022-09-14|cheers|2
2022-09-13|bianlian|2
2022-09-13|sparta|24
2022-09-13|redalert|2
2022-09-13|lockbit3|4
2022-09-13|daixin|2
2022-09-12|lockbit3|8
2022-09-12|ragnarlocker|2
2022-09-11|lockbit3|6
2022-09-11|blackbyte|4
2022-09-09|lockbit3|14
2022-09-08|blackbasta|2
2022-09-07|blackbasta|6
2022-09-07|lockbit3|8
2022-09-07|ragnarlocker|2
2022-09-06|hive|1
2022-09-06|hiveleak|1
2022-09-06|lockbit3|4
2022-09-05|lockbit3|18
2022-09-05|blackbasta|6
2022-09-05|blackbyte|2
2022-09-04|blackbasta|4
2022-09-04|vicesociety|2
2022-09-04|lockbit3|4
2022-09-03|bianlian|4
2022-09-03|ransomexx|2
2022-09-02|ragnarlocker|2
2022-09-02|lockbit3|2
2022-09-02|hive|1
2022-09-02|hiveleak|1
2022-09-02|quantum|2
2022-09-01|vicesociety|2
2022-09-01|cheers|2
2022-09-01|quantum|2
2022-09-01|donutleaks|2
2022-09-01|blackbyte|2
2022-09-01|revil|2
2022-09-01|lockbit3|6
2022-08-31|ragnarlocker|4
2022-08-31|hive|1
2022-08-31|hiveleak|1
2022-08-31|lockbit3|2
2022-08-30|bianlian|14
2022-08-30|everest|2
2022-08-30|cuba|2
2022-08-29|alphv|3
2022-08-29|bianlian|10
2022-08-29|lockbit3|2
2022-08-28|lockbit3|10
2022-08-28|blackbyte|4
2022-08-26|lockbit3|34
2022-08-25|vicesociety|4
2022-08-25|hive|1
2022-08-25|hiveleak|1
2022-08-25|lv|2
2022-08-25|lockbit3|2
2022-08-24|hive|1
2022-08-24|hiveleak|1
2022-08-24|donutleaks|10
2022-08-24|ransomexx|2
2022-08-24|everest|2
2022-08-24|blackbyte|2
2022-08-23|lockbit3|14
2022-08-23|lorenz|2
2022-08-23|blackbyte|2
2022-08-23|ransomexx|2
2022-08-23|ragnarlocker|4
2022-08-23|quantum|2
2022-08-22|lorenz|2
2022-08-22|lockbit3|2
2022-08-21|clop|1
2022-08-21|vicesociety|4
2022-08-20|icefire|22
2022-08-19|ragnarlocker|2
2022-08-19|hive|1
2022-08-19|hiveleak|1
2022-08-19|vicesociety|2
2022-08-19|quantum|2
2022-08-18|vicesociety|4
2022-08-18|lockbit3|8
2022-08-18|cheers|2
2022-08-18|hive|1
2022-08-18|hiveleak|1
2022-08-18|ragnarlocker|2
2022-08-17|snatch|2
2022-08-17|alphv|1
2022-08-17|blackbyte|2
2022-08-16|lockbit3|8
2022-08-16|vicesociety|2
2022-08-15|lv|2
2022-08-14|hive|1
2022-08-14|hiveleak|1
2022-08-13|lv|2
2022-08-13|lockbit3|12
2022-08-13|alphv|1
2022-08-10|lockbit3|4
2022-08-10|yanluowang|2
2022-08-09|ransomhouse|2
2022-08-09|lockbit3|4
2022-08-09|lv|2
2022-08-09|daixin|2
2022-08-09|cheers|4
2022-08-08|quantum|2
2022-08-08|alphv|1
2022-08-07|lockbit3|4
2022-08-06|lockbit3|10
2022-08-06|blackbasta|36
2022-08-05|onyx|2
2022-08-04|alphv|1
2022-08-04|lv|6
2022-08-04|quantum|4
2022-08-04|hive|1
2022-08-04|hiveleak|1
2022-08-03|alphv|1
2022-08-03|daixin|4
2022-08-02|revil|2
2022-08-02|lockbit3|8
2022-08-02|alphv|1
2022-08-02|ragnarlocker|2
2022-08-01|lockbit3|6
2022-08-01|onyx|2
2022-07-31|lv|2
2022-07-31|lockbit3|6
2022-07-29|alphv|1
2022-07-29|lockbit3|2
2022-07-29|lv|2
2022-07-29|lorenz|2
2022-07-28|lockbit3|6
2022-07-28|alphv|3
2022-07-28|redalert|2
2022-07-27|lockbit3|4
2022-07-27|hive|2
2022-07-27|hiveleak|2
2022-07-27|lv|2
2022-07-26|lockbit3|6
2022-07-26|onyx|8
2022-07-26|hive|1
2022-07-26|hiveleak|1
2022-07-26|everest|2
2022-07-25|lv|6
2022-07-25|clop|2
2022-07-25|lockbit3|10
2022-07-25|revil|2
2022-07-24|alphv|1
2022-07-24|lockbit3|4
2022-07-23|alphv|2
2022-07-23|lockbit3|2
2022-07-22|lockbit3|16
2022-07-21|everest|2
2022-07-21|vicesociety|2
2022-07-21|alphv|1
2022-07-21|lockbit3|6
2022-07-21|cuba|2
2022-07-20|vicesociety|2
2022-07-20|lockbit3|10
2022-07-20|redalert|2
2022-07-20|hive|1
2022-07-20|hiveleak|1
2022-07-20|blackbasta|4
2022-07-20|everest|2
2022-07-19|vicesociety|4
2022-07-19|cheers|2
2022-07-19|ragnarlocker|2
2022-07-19|bianlian|2
2022-07-19|lockbit3|16
2022-07-19|quantum|4
2022-07-18|quantum|2
2022-07-18|everest|2
2022-07-18|lockbit3|6
2022-07-18|cheers|4
2022-07-18|blackbasta|6
2022-07-17|lockbit3|2
2022-07-16|bianlian|6
2022-07-16|hive|1
2022-07-16|hiveleak|1
2022-07-15|redalert|2
2022-07-14|bianlian|10
2022-07-14|alphv|2
2022-07-14|lockbit3|10
2022-07-14|hive|4
2022-07-14|hiveleak|4
2022-07-14|quantum|2
2022-07-14|redalert|2
2022-07-14|0mega|2
2022-07-13|lorenz|6
2022-07-13|hive|7
2022-07-13|hiveleak|7
2022-07-13|ragnarlocker|2
2022-07-13|alphv|1
2022-07-12|alphv|1
2022-07-12|quantum|2
2022-07-11|ransomhouse|2
2022-07-11|lorenz|2
2022-07-11|everest|2
2022-07-11|blackbyte|2
2022-07-11|alphv|3
2022-07-09|lockbit3|2
2022-07-08|lockbit3|2
2022-07-07|blackbasta|4
2022-07-07|lockbit3|4
2022-07-07|cuba|2
2022-07-06|blackbasta|30
2022-07-06|blackbyte|4
2022-07-06|alphv|3
2022-07-06|lockbit3|4
2022-07-05|everest|2
2022-07-05|lorenz|2
2022-07-04|vicesociety|2
2022-07-04|hive|11
2022-07-04|hiveleak|11
2022-07-04|alphv|1
2022-07-03|blackbasta|4
2022-07-03|hive|1
2022-07-03|hiveleak|1
2022-07-02|lockbit3|12
2022-07-02|yanluowang|10
2022-07-02|hive|1
2022-07-02|hiveleak|1
2022-07-01|lockbit3|2
2022-07-01|alphv|2
2022-07-01|everest|2
2022-07-01|cheers|2
2022-06-30|snatch|2
2022-06-30|cheers|2
2022-06-30|lockbit3|2
2022-06-30|quantum|2
2022-06-29|snatch|2
2022-06-29|quantum|2
2022-06-29|blackbasta|2
2022-06-29|lockbit3|4
2022-06-28|cheers|2
2022-06-28|hive|2
2022-06-28|hiveleak|2
2022-06-28|lockbit2|2
2022-06-27|vicesociety|2
2022-06-27|lorenz|2
2022-06-27|cuba|2
2022-06-26|vicesociety|2
2022-06-26|blackbyte|2
2022-06-26|blackbasta|2
2022-06-26|lockbit2|2
2022-06-24|ragnarlocker|2
2022-06-23|ragnarlocker|2
2022-06-23|alphv|1
2022-06-23|hive|2
2022-06-23|hiveleak|2
2022-06-23|everest|2
2022-06-22|alphv|3
2022-06-22|lv|2
2022-06-22|vicesociety|4
2022-06-21|blackbasta|10
2022-06-21|lockbit2|10
2022-06-21|vicesociety|2
2022-06-20|lockbit2|14
2022-06-19|lockbit2|2
2022-06-18|lockbit2|6
2022-06-18|suncrypt|2
2022-06-17|lockbit2|8
2022-06-16|quantum|2
2022-06-16|lockbit2|4
2022-06-15|vicesociety|4
2022-06-15|lv|2
2022-06-15|alphv|1
2022-06-15|lockbit2|2
2022-06-15|blackbasta|2
2022-06-14|lockbit2|10
2022-06-14|quantum|8
2022-06-14|alphv|3
2022-06-14|ransomhouse|2
2022-06-14|everest|2
2022-06-14|lv|4
2022-06-14|blackbasta|2
2022-06-13|vicesociety|2
2022-06-13|cuba|2
2022-06-13|lockbit2|2
2022-06-12|blackbyte|2
2022-06-12|blackbasta|2
2022-06-12|lockbit2|4
2022-06-11|alphv|1
2022-06-11|lockbit2|2
2022-06-11|everest|2
2022-06-10|alphv|1
2022-06-10|blackbasta|4
2022-06-10|lockbit2|4
2022-06-09|lockbit2|4
2022-06-09|lv|2
2022-06-09|vicesociety|2
2022-06-08|hive|1
2022-06-08|hiveleak|1
2022-06-08|blackbasta|2
2022-06-07|blackbasta|2
2022-06-07|conti|2
2022-06-07|lockbit2|6
2022-06-06|everest|2
2022-06-06|lockbit2|14
2022-06-05|lockbit2|4
2022-06-04|lockbit2|14
2022-06-04|lv|2
2022-06-04|suncrypt|2
2022-06-04|ragnarlocker|2
2022-06-03|lockbit2|2
2022-06-02|vicesociety|6
2022-06-02|alphv|2
2022-06-02|lockbit2|10
2022-06-01|lv|4
2022-06-01|lockbit2|2
2022-06-01|ragnarlocker|2
2022-06-01|blackbasta|4
2022-06-01|alphv|1
2022-05-31|blackbasta|2
2022-05-31|lorenz|2
2022-05-31|alphv|2
2022-05-30|hive|2
2022-05-30|hiveleak|2
2022-05-30|alphv|2
2022-05-30|lockbit2|8
2022-05-29|lockbit2|8
2022-05-29|blackbasta|2
2022-05-29|cheers|8
2022-05-28|hive|2
2022-05-28|hiveleak|2
2022-05-28|blackbasta|2
2022-05-27|clop|7
2022-05-27|quantum|2
2022-05-27|lockbit2|4
2022-05-27|alphv|1
2022-05-26|lockbit2|4
2022-05-26|everest|2
2022-05-26|lorenz|2
2022-05-26|hive|3
2022-05-26|hiveleak|3
2022-05-25|hive|4
2022-05-25|hiveleak|4
2022-05-25|darkleakmarket|2
2022-05-25|blackbasta|2
2022-05-25|conti|4
2022-05-25|lockbit2|2
2022-05-24|kelvinsecurity|4
2022-05-24|conti|6
2022-05-24|lockbit2|16
2022-05-24|blackbasta|2
2022-05-24|hive|1
2022-05-24|hiveleak|1
2022-05-24|alphv|1
2022-05-23|clop|1
2022-05-23|ragnarlocker|2
2022-05-23|quantum|6
2022-05-23|conti|18
2022-05-23|lockbit2|4
2022-05-22|alphv|1
2022-05-22|lockbit2|4
2022-05-22|snatch|2
2022-05-22|blackbasta|2
2022-05-21|lockbit2|2
2022-05-21|blackbyte|4
2022-05-20|lockbit2|12
2022-05-20|hive|1
2022-05-20|hiveleak|1
2022-05-20|vicesociety|2
2022-05-19|hive|3
2022-05-19|hiveleak|3
2022-05-19|lockbit2|12
2022-05-19|lorenz|2
2022-05-19|blackbasta|2
2022-05-19|alphv|1
2022-05-19|vicesociety|6
2022-05-19|lv|2
2022-05-18|lockbit2|6
2022-05-18|darkleakmarket|2
2022-05-18|alphv|1
2022-05-17|lockbit2|12
2022-05-17|quantum|6
2022-05-17|conti|2
2022-05-17|cuba|2
2022-05-16|lorenz|4
2022-05-16|blackbasta|2
2022-05-16|lockbit2|22
2022-05-16|cuba|2
2022-05-15|lockbit2|4
2022-05-14|lockbit2|6
2022-05-14|conti|2
2022-05-13|lockbit2|18
2022-05-13|clop|1
2022-05-13|kelvinsecurity|2
2022-05-13|alphv|1
2022-05-12|lockbit2|2
2022-05-12|conti|2
2022-05-12|revil|2
2022-05-12|blackbyte|6
2022-05-11|alphv|2
2022-05-11|lockbit2|2
2022-05-11|ragnarlocker|2
2022-05-11|vicesociety|6
2022-05-10|blackbasta|2
2022-05-10|lockbit2|8
2022-05-09|blackbasta|6
2022-05-09|stormous|2
2022-05-09|lockbit2|4
2022-05-09|ransomhouse|8
2022-05-07|lockbit2|2
2022-05-06|lockbit2|6
2022-05-06|kelvinsecurity|4
2022-05-05|blackbasta|4
2022-05-05|lockbit2|6
2022-05-05|lorenz|2
2022-05-05|mindware|26
2022-05-04|vicesociety|4
2022-05-04|blackbasta|2
2022-05-04|hive|1
2022-05-04|hiveleak|1
2022-05-04|lorenz|2
2022-05-04|lockbit2|6
2022-05-04|conti|2
2022-05-03|alphv|2
2022-05-03|vicesociety|2
2022-05-03|revil|2
2022-05-03|kelvinsecurity|6
2022-05-03|lockbit2|2
2022-05-02|blackbasta|6
2022-05-02|lockbit2|8
2022-05-02|everest|2
2022-05-02|blackbyte|6
2022-05-02|lv|2
2022-05-01|lockbit2|10
2022-05-01|everest|2
2022-05-01|alphv|1
2022-04-30|alphv|3
2022-04-30|lockbit2|10
2022-04-29|quantum|12
2022-04-29|lockbit2|8
2022-04-29|alphv|1
2022-04-29|onyx|14
2022-04-29|hive|1
2022-04-29|hiveleak|1
2022-04-29|vicesociety|14
2022-04-29|lv|2
2022-04-28|alphv|1
2022-04-28|conti|2
2022-04-28|vicesociety|10
2022-04-28|quantum|2
2022-04-28|blackbasta|2
2022-04-28|lockbit2|4
2022-04-28|hive|1
2022-04-28|hiveleak|1
2022-04-27|lockbit2|4
2022-04-27|quantum|2
2022-04-27|alphv|2
2022-04-27|conti|4
2022-04-26|blackbasta|22
2022-04-26|hive|1
2022-04-26|hiveleak|1
2022-04-26|alphv|2
2022-04-26|quantum|2
2022-04-25|stormous|6
2022-04-25|kelvinsecurity|4
2022-04-25|conti|2
2022-04-25|lockbit2|10
2022-04-24|lockbit2|4
2022-04-24|alphv|1
2022-04-24|suncrypt|2
2022-04-23|lockbit2|12
2022-04-23|conti|2
2022-04-23|vicesociety|2
2022-04-22|vicesociety|2
2022-04-22|revil|2
2022-04-22|alphv|1
2022-04-22|cuba|4
2022-04-22|lockbit2|18
2022-04-22|kelvinsecurity|2
2022-04-21|vicesociety|4
2022-04-21|lorenz|2
2022-04-21|arvinclub|2
2022-04-21|lockbit2|6
2022-04-21|darkleakmarket|14
2022-04-21|revil|6
2022-04-20|ragnarlocker|2
2022-04-20|revil|2
2022-04-20|conti|2
2022-04-20|everest|2
2022-04-20|lockbit2|10
2022-04-20|arvinclub|2
2022-04-20|alphv|1
2022-04-20|quantum|2
2022-04-19|conti|8
2022-04-19|alphv|1
2022-04-19|lockbit2|18
2022-04-18|alphv|1
2022-04-18|conti|4
2022-04-18|lockbit2|8
2022-04-18|hive|1
2022-04-18|hiveleak|1
2022-04-17|vicesociety|2
2022-04-17|conti|4
2022-04-16|everest|2
2022-04-16|suncrypt|2
2022-04-15|conti|4
2022-04-15|lockbit2|8
2022-04-15|lv|2
2022-04-15|alphv|1
2022-04-14|midas|2
2022-04-14|conti|4
2022-04-14|lockbit2|24
2022-04-14|lorenz|2
2022-04-14|suncrypt|4
2022-04-13|lockbit2|8
2022-04-13|everest|2
2022-04-13|lorenz|2
2022-04-12|everest|2
2022-04-12|conti|2
2022-04-12|alphv|6
2022-04-12|lockbit2|4
2022-04-12|stormous|10
2022-04-12|quantum|6
2022-04-12|lorenz|2
2022-04-12|cuba|2
2022-04-11|quantum|4
2022-04-11|lockbit2|8
2022-04-11|conti|8
2022-04-11|lorenz|2
2022-04-10|clop|2
2022-04-10|lockbit2|18
2022-04-10|conti|2
2022-04-09|lockbit2|6
2022-04-08|conti|2
2022-04-08|lockbit2|6
2022-04-08|cuba|2
2022-04-07|lockbit2|8
2022-04-07|midas|4
2022-04-07|hive|1
2022-04-07|hiveleak|1
2022-04-06|conti|2
2022-04-06|everest|2
2022-04-06|ragnarlocker|2
2022-04-06|lorenz|2
2022-04-06|lockbit2|18
2022-04-05|ransomexx|2
2022-04-05|conti|2
2022-04-05|lockbit2|4
2022-04-04|conti|4
2022-04-04|stormous|2
2022-04-04|lockbit2|14
2022-04-03|conti|4
2022-04-03|lockbit2|18
2022-04-03|midas|2
2022-04-02|conti|6
2022-04-02|lockbit2|4
2022-04-01|conti|8
2022-04-01|lockbit2|4
2022-04-01|alphv|2
2022-04-01|kelvinsecurity|30
2022-03-31|conti|8
2022-03-31|lockbit2|10
2022-03-31|alphv|1
2022-03-31|stormous|2
2022-03-31|snatch|2
2022-03-30|lockbit2|16
2022-03-30|conti|4
2022-03-30|pandora|4
2022-03-30|blackbyte|10
2022-03-30|cuba|4
2022-03-29|hive|1
2022-03-29|hiveleak|1
2022-03-29|ransomexx|2
2022-03-29|conti|12
2022-03-29|leaktheanalyst|4
2022-03-29|vicesociety|6
2022-03-29|lorenz|2
2022-03-29|lockbit2|2
2022-03-29|alphv|1
2022-03-28|conti|10
2022-03-28|stormous|4
2022-03-28|vicesociety|4
2022-03-28|clop|4
2022-03-28|lockbit2|10
2022-03-28|alphv|1
2022-03-28|suncrypt|2
2022-03-27|lockbit2|8
2022-03-27|blackbyte|4
2022-03-27|clop|5
2022-03-27|conti|2
2022-03-26|lockbit2|6
2022-03-26|hive|1
2022-03-26|hiveleak|1
2022-03-25|lockbit2|10
2022-03-25|alphv|2
2022-03-25|hive|1
2022-03-25|hiveleak|1
2022-03-24|alphv|4
2022-03-24|lockbit2|18
2022-03-24|hive|2
2022-03-24|hiveleak|2
2022-03-24|stormous|2
2022-03-24|vicesociety|2
2022-03-24|conti|2
2022-03-23|lockbit2|10
2022-03-23|hive|4
2022-03-23|hiveleak|4
2022-03-23|midas|2
2022-03-23|everest|2
2022-03-23|cuba|4
2022-03-23|alphv|3
2022-03-23|vicesociety|4
2022-03-23|stormous|2
2022-03-23|conti|4
2022-03-22|conti|4
2022-03-22|lockbit2|6
2022-03-22|hive|10
2022-03-22|hiveleak|10
2022-03-22|stormous|6
2022-03-21|conti|2
2022-03-21|lockbit2|18
2022-03-21|alphv|3
2022-03-21|midas|2
2022-03-20|lockbit2|10
2022-03-20|arvinclub|2
2022-03-20|ransomexx|2
2022-03-20|conti|4
2022-03-19|conti|8
2022-03-19|lockbit2|6
2022-03-18|conti|6
2022-03-18|alphv|3
2022-03-18|hive|1
2022-03-18|hiveleak|1
2022-03-18|midas|2
2022-03-18|lockbit2|26
2022-03-18|everest|2
2022-03-17|lockbit2|26
2022-03-17|suncrypt|2
2022-03-17|conti|10
2022-03-17|pandora|6
2022-03-17|alphv|1
2022-03-16|lockbit2|14
2022-03-16|alphv|1
2022-03-16|suncrypt|2
2022-03-15|lockbit2|4
2022-03-15|midas|2
2022-03-15|everest|2
2022-03-15|lorenz|6
2022-03-14|ransomexx|2
2022-03-14|alphv|2
2022-03-14|lockbit2|2
2022-03-14|ragnarlocker|2
2022-03-14|everest|4
2022-03-13|lockbit2|10
2022-03-13|vicesociety|2
2022-03-12|everest|2
2022-03-12|lockbit2|10
2022-03-12|alphv|1
2022-03-12|arvinclub|2
2022-03-11|everest|2
2022-03-11|lockbit2|6
2022-03-10|lockbit2|4
2022-03-09|lockbit2|2
2022-03-09|conti|6
2022-03-08|lockbit2|2
2022-03-08|conti|2
2022-03-08|everest|2
2022-03-08|alphv|1
2022-03-08|snatch|4
2022-03-07|conti|8
2022-03-07|blackbyte|2
2022-03-07|everest|22
2022-03-07|lockbit2|8
2022-03-07|alphv|1
2022-03-06|conti|2
2022-03-05|lockbit2|2
2022-03-05|alphv|1
2022-03-04|ragnarlocker|2
2022-03-04|conti|14
2022-03-04|hive|1
2022-03-04|hiveleak|1
2022-03-04|lockbit2|4
2022-03-03|snatch|2
2022-03-03|lockbit2|4
2022-03-03|conti|6
2022-03-02|lockbit2|16
2022-03-02|conti|2
2022-03-01|lockbit2|4
2022-03-01|alphv|1
2022-02-28|alphv|1
2022-02-28|quantum|2
2022-02-28|lockbit2|6
2022-02-28|sabbath|2
2022-02-28|ragnarlocker|2
2022-02-27|lockbit2|14
2022-02-26|lockbit2|6
2022-02-26|alphv|1
2022-02-26|conti|8
2022-02-25|alphv|3
2022-02-25|snatch|2
2022-02-25|cuba|2
2022-02-25|conti|14
2022-02-25|hive|23
2022-02-25|hiveleak|24
2022-02-25|lockbit2|2
2022-02-24|lockbit2|6
2022-02-24|conti|4
2022-02-23|lockbit2|12
2022-02-23|midas|2
2022-02-23|alphv|1
2022-02-23|conti|4
2022-02-22|midas|2
2022-02-21|suncrypt|4
2022-02-21|lockbit2|4
2022-02-20|everest|2
2022-02-20|lockbit2|4
2022-02-19|snatch|4
2022-02-19|alphv|1
2022-02-19|lockbit2|28
2022-02-19|everest|2
2022-02-19|conti|2
2022-02-18|alphv|4
2022-02-18|lv|2
2022-02-18|cuba|4
2022-02-18|conti|2
2022-02-18|lockbit2|2
2022-02-16|clop|3
2022-02-16|alphv|2
2022-02-16|lv|2
2022-02-15|ransomexx|2
2022-02-15|lockbit2|4
2022-02-15|suncrypt|2
2022-02-15|conti|4
2022-02-15|alphv|2
2022-02-14|lockbit2|14
2022-02-14|marketo|2
2022-02-14|conti|2
2022-02-14|lv|2
2022-02-14|alphv|2
2022-02-13|alphv|8
2022-02-13|lockbit2|10
2022-02-13|midas|2
2022-02-13|conti|2
2022-02-12|lockbit2|4
2022-02-12|blackbyte|2
2022-02-12|conti|2
2022-02-12|midas|4
2022-02-11|lockbit2|2
2022-02-11|lv|2
2022-02-11|conti|8
2022-02-10|conti|2
2022-02-09|snatch|2
2022-02-09|everest|2
2022-02-09|lockbit2|2
2022-02-09|quantum|2
2022-02-09|conti|2
2022-02-08|alphv|4
2022-02-08|blackbyte|4
2022-02-08|lockbit2|10
2022-02-08|conti|2
2022-02-08|mountlocker|2
2022-02-08|suncrypt|4
2022-02-07|blackbyte|2
2022-02-07|lockbit2|2
2022-02-07|conti|10
2022-02-06|lockbit2|6
2022-02-06|alphv|2
2022-02-05|suncrypt|2
2022-02-05|lockbit2|8
2022-02-05|alphv|2
2022-02-05|blackbyte|10
2022-02-04|lockbit2|38
2022-02-04|alphv|4
2022-02-04|cuba|6
2022-02-03|lockbit2|2
2022-02-02|quantum|2
2022-02-02|alphv|2
2022-02-02|snatch|2
2022-02-02|lockbit2|2
2022-02-01|lockbit2|2
2022-02-01|midas|2
2022-01-29|lv|2
2022-01-29|alphv|2
2022-01-28|ransomexx|2
2022-01-28|midas|2
2022-01-27|snatch|2
2022-01-27|lockbit2|24
2022-01-27|vicesociety|2
2022-01-27|everest|2
2022-01-25|snatch|2
2022-01-25|lockbit2|2
2022-01-25|ragnarlocker|2
2022-01-25|hive|29
2022-01-25|hiveleak|29
2022-01-25|cuba|2
2022-01-24|lockbit2|4
2022-01-23|lockbit2|4
2022-01-23|alphv|2
2022-01-22|lockbit2|2
2022-01-21|everest|2
2022-01-21|lockbit2|4
2022-01-20|hive|2
2022-01-20|hiveleak|2
2022-01-20|lockbit2|6
2022-01-20|conti|2
2022-01-19|everest|2
2022-01-19|lockbit2|4
2022-01-18|lockbit2|4
2022-01-18|snatch|4
2022-01-18|alphv|2
2022-01-18|midas|2
2022-01-17|alphv|2
2022-01-16|snatch|2
2022-01-16|lockbit2|2
2022-01-16|everest|2
2022-01-16|alphv|2
2022-01-15|sabbath|2
2022-01-15|conti|14
2022-01-15|lockbit2|4
2022-01-14|sabbath|2
2022-01-14|vicesociety|2
2022-01-13|snatch|4
2022-01-13|quantum|2
2022-01-13|cuba|4
2022-01-12|lockbit2|2
2022-01-12|sabbath|2
2022-01-12|vicesociety|6
2022-01-11|snatch|2
2022-01-11|conti|2
2022-01-11|lorenz|2
2022-01-10|lockbit2|10
2022-01-10|cuba|10
2022-01-09|hive|1
2022-01-09|hiveleak|1
2022-01-09|alphv|2
2022-01-09|vicesociety|4
2022-01-08|ragnarlocker|2
2022-01-08|lockbit2|6
2022-01-08|rook|2
2022-01-08|everest|2
2022-01-07|vicesociety|2
2022-01-07|lockbit2|8
2022-01-07|alphv|4
2022-01-06|payloadbin|2
2022-01-06|vicesociety|50
2022-01-06|alphv|4
2022-01-06|conti|2
2022-01-05|snatch|2
2022-01-05|lockbit2|2
2022-01-04|lockbit2|2
2022-01-04|nightsky|4
2022-01-04|sabbath|6
2022-01-03|lockbit2|2
2022-01-03|conti|2
2022-01-01|lockbit2|4
2022-01-01|leaktheanalyst|36
2022-01-01|vicesociety|4
2022-01-01|alphv|4
2022-01-01|payloadbin|4
2021-12-31|lv|1
2021-12-31|quantum|1
2021-12-31|lockbit2|1
2021-12-30|alphv|10
2021-12-30|lockbit2|4
2021-12-30|blacktor|4
2021-12-30|ragnarok|1
2021-12-30|cuba|6
2021-12-30|conti|1
2021-12-28|conti|1
2021-12-28|hiveleak|1
2021-12-28|sabbath|1
2021-12-28|rook|2
2021-12-27|conti|1
2021-12-27|midas|1
2021-12-26|snatch|2
2021-12-26|rook|1
2021-12-26|conti|9
2021-12-25|lockbit2|3
2021-12-25|midas|1
2021-12-25|conti|1
2021-12-24|lockbit2|3
2021-12-23|quantum|2
2021-12-23|payloadbin|1
2021-12-23|conti|1
2021-12-23|clop|2
2021-12-23|lockbit2|1
2021-12-23|lorenz|1
2021-12-22|lockbit2|2
2021-12-22|conti|1
2021-12-21|snatch|3
2021-12-21|atomsilo|4
2021-12-21|conti|1
2021-12-21|everest|1
2021-12-21|lockbit2|8
2021-12-21|lv|1
2021-12-20|conti|2
2021-12-20|snatch|1
2021-12-20|sabbath|1
2021-12-20|hiveleak|2
2021-12-19|blackbyte|2
2021-12-18|mosesstaff|16
2021-12-18|alphv|2
2021-12-18|blackshadow|3
2021-12-18|cryp70n1c0d3|11
2021-12-18|hiveleak|20
2021-12-18|rook|2
2021-12-18|lockbit2|3
2021-12-16|lv|1
2021-12-15|clop|1
2021-12-15|ransomexx|1
2021-12-15|lockbit2|2
2021-12-15|conti|1
2021-12-15|ragnarlocker|1
2021-12-14|conti|2
2021-12-14|snatch|2
2021-12-14|lorenz|1
2021-12-14|rook|2
2021-12-14|lockbit2|1
2021-12-13|conti|6
2021-12-13|lv|1
2021-12-12|sabbath|1
2021-12-11|lockbit2|2
2021-12-10|lv|1
2021-12-10|snatch|1
2021-12-10|clop|1
2021-12-10|ragnarlocker|1
2021-12-10|ransomexx|1
2021-12-10|lockbit2|2
2021-12-10|sabbath|1
2021-12-09|everest|2
2021-12-09|lockbit2|14
2021-12-09|ragnarlocker|1
2021-12-09|lv|1
2021-12-09|blackbyte|3
2021-12-09|quantum|4
2021-12-09|conti|2
2021-12-08|lv|2
2021-12-08|lockbit2|13
2021-12-08|midas|1
2021-12-07|snatch|2
2021-12-07|marketo|31
2021-12-07|rook|1
2021-12-06|bonacigroup|1
2021-12-06|everest|1
2021-12-06|blackbyte|1
2021-12-06|robinhood|1
2021-12-06|pysa|1
2021-12-06|conti|2
2021-12-06|ransomexx|1
2021-12-06|lv|1
2021-12-05|lv|2
2021-12-05|conti|2
2021-12-04|everest|1
2021-12-04|conti|1
2021-12-04|ragnarlocker|1
2021-12-03|suncrypt|1
2021-12-02|snatch|2
2021-12-02|ragnarlocker|1
2021-12-02|lockbit2|2
2021-12-01|conti|2
2021-12-01|lockbit2|1
2021-11-30|lockbit2|1
2021-11-30|snatch|2
2021-11-30|quantum|1
2021-11-30|suncrypt|1
2021-11-30|conti|1
2021-11-30|blackbyte|3
2021-11-29|conti|3
2021-11-29|lockbit2|3
2021-11-29|midas|25
2021-11-29|snatch|10
2021-11-28|conti|1
2021-11-28|arvinclub|1
2021-11-27|everest|1
2021-11-27|lockbit2|4
2021-11-26|clop|1
2021-11-26|lockbit2|3
2021-11-26|conti|1
2021-11-25|lockbit2|4
2021-11-25|clop|1
2021-11-24|lockbit2|3
2021-11-23|lv|2
2021-11-23|everest|2
2021-11-23|lockbit2|2
2021-11-23|ragnarlocker|1
2021-11-23|blackbyte|2
2021-11-22|sabbath|6
2021-11-22|lv|4
2021-11-22|lockbit2|6
2021-11-22|conti|2
2021-11-22|everest|1
2021-11-22|quantum|1
2021-11-21|lockbit2|5
2021-11-20|lockbit2|1
2021-11-20|everest|1
2021-11-19|conti|2
2021-11-19|suncrypt|2
2021-11-19|lockbit2|2
2021-11-18|conti|2
2021-11-17|lockbit2|6
2021-11-17|conti|1
2021-11-16|conti|5
2021-11-16|lockbit2|2
2021-11-16|ransomexx|1
2021-11-15|lorenz|1
2021-11-15|blackbyte|4
2021-11-15|lockbit2|1
2021-11-15|everest|1
2021-11-13|everest|2
2021-11-13|blackbyte|3
2021-11-13|lockbit2|2
2021-11-12|lockbit2|4
2021-11-12|conti|1
2021-11-11|conti|6
2021-11-11|everest|1
2021-11-10|lockbit2|6
2021-11-10|conti|1
2021-11-09|lockbit2|6
2021-11-09|conti|2
2021-11-08|conti|2
2021-11-08|lockbit2|2
2021-11-08|pysa|59
2021-11-07|conti|3
2021-11-07|lockbit2|3
2021-11-06|conti|13
2021-11-06|lockbit2|19
2021-11-06|clop|2
2021-11-05|suncrypt|1
2021-11-04|conti|2
2021-11-04|blackmatter|5
2021-11-04|lockbit2|1
2021-11-04|quantum|2
2021-11-03|blackbyte|1
2021-11-02|lockbit2|4
2021-11-02|conti|4
2021-11-01|lockbit2|7
2021-11-01|conti|2
2021-10-31|blackbyte|1
2021-10-31|lockbit2|1
2021-10-30|ragnarlocker|1
2021-10-30|lockbit2|1
2021-10-30|groove|1
2021-10-29|conti|6
2021-10-29|lockbit2|1
2021-10-28|lockbit2|10
2021-10-28|blackbyte|1
2021-10-27|lockbit2|3
2021-10-27|clop|3
2021-10-26|lockbit2|6
2021-10-26|conti|2
2021-10-26|clop|1
2021-10-26|xinglocker|1
2021-10-25|lockbit2|5
2021-10-25|pysa|4
2021-10-25|conti|4
2021-10-25|blackbyte|1
2021-10-24|ransomexx|1
2021-10-24|lockbit2|2
2021-10-24|conti|1
2021-10-24|arvinclub|1
2021-10-23|conti|11
2021-10-23|lockbit2|1
2021-10-23|groove|3
2021-10-23|blackbyte|1
2021-10-22|arvinclub|1
2021-10-22|conti|2
2021-10-22|pysa|3
2021-10-22|groove|2
2021-10-22|lockbit2|5
2021-10-21|conti|1
2021-10-21|lockbit2|10
2021-10-21|clop|1
2021-10-20|lockbit2|2
2021-10-20|clop|1
2021-10-20|conti|2
2021-10-20|everest|1
2021-10-19|spook|3
2021-10-19|clop|2
2021-10-19|blackbyte|1
2021-10-19|payloadbin|1
2021-10-18|pysa|9
2021-10-18|spook|2
2021-10-18|conti|1
2021-10-18|lockbit2|1
2021-10-17|conti|7
2021-10-17|lockbit2|1
2021-10-16|lockbit2|4
2021-10-16|payloadbin|1
2021-10-16|spook|2
2021-10-15|lockbit2|5
2021-10-15|revil|1
2021-10-15|clop|2
2021-10-15|blackbyte|2
2021-10-13|lockbit2|2
2021-10-13|spook|1
2021-10-12|lockbit2|3
2021-10-12|blackbyte|1
2021-10-12|spook|2
2021-10-11|spook|2
2021-10-10|lockbit2|3
2021-10-10|spook|2
2021-10-09|lockbit2|3
2021-10-09|spook|3
2021-10-08|lockbit2|1
2021-10-08|xinglocker|1
2021-10-08|spook|2
2021-10-08|revil|1
2021-10-07|lockbit2|10
2021-10-07|revil|1
2021-10-07|spook|1
2021-10-07|darkleakmarket|3
2021-10-06|ragnarlocker|1
2021-10-06|lockbit2|1
2021-10-06|spook|1
2021-10-05|lockbit2|6
2021-10-05|spook|3
2021-10-05|conti|2
2021-10-05|clop|19
2021-10-05|everest|1
2021-10-04|spook|11
2021-10-04|blackbyte|10
2021-10-04|pysa|11
2021-10-04|bonacigroup|2
2021-10-04|karma|7
2021-10-04|blackmatter|1
2021-10-03|lockbit2|4
2021-10-02|conti|1
2021-10-02|lockbit2|4
2021-10-01|lockbit2|5
2021-10-01|everest|1
2021-10-01|conti|1
2021-10-01|revil|1
2021-09-30|conti|1
2021-09-30|payloadbin|3
2021-09-30|lockbit2|6
2021-09-30|revil|2
2021-09-29|lockbit2|3
2021-09-29|blackmatter|1
2021-09-28|lockbit2|7
2021-09-28|conti|3
2021-09-28|everest|1
2021-09-27|conti|3
2021-09-26|ransomexx|1
2021-09-26|conti|1
2021-09-26|avoslocker|1
2021-09-26|lockbit2|1
2021-09-25|payloadbin|1
2021-09-25|avoslocker|4
2021-09-25|lockbit2|4
2021-09-24|darkleakmarket|1
2021-09-24|conti|5
2021-09-24|lockbit2|3
2021-09-23|conti|3
2021-09-23|lockbit2|7
2021-09-22|conti|4
2021-09-22|lockbit2|9
2021-09-21|lorenz|1
2021-09-21|blackmatter|1
2021-09-20|conti|2
2021-09-20|blackmatter|9
2021-09-20|ransomexx|1
2021-09-20|lockbit2|11
2021-09-20|arvinclub|1
2021-09-19|lockbit2|2
2021-09-18|lockbit2|5
2021-09-18|blackmatter|1
2021-09-17|lockbit2|3
2021-09-17|blackmatter|2
2021-09-17|everest|1
2021-09-16|conti|1
2021-09-16|revil|1
2021-09-15|blackmatter|1
2021-09-14|ragnarlocker|1
2021-09-13|lockbit2|4
2021-09-13|everest|6
2021-09-13|groove|1
2021-09-13|pysa|8
2021-09-12|lockbit2|1
2021-09-11|ragnarlocker|1
2021-09-11|blackmatter|1
2021-09-11|revil|1
2021-09-11|conti|1
2021-09-10|lockbit2|95
2021-09-10|pysa|1
2021-09-10|clop|1
2021-09-10|arvinclub|1
2021-09-10|groove|2
2021-09-09|conti|18
2021-09-09|lockbit2|10
2021-09-09|ragnarlocker|1
2021-09-09|payloadbin|19
2021-09-09|darkleakmarket|26
2021-09-09|groove|4
2021-09-09|blackmatter|9
2021-09-09|mountlocker|17
2021-09-09|ransomexx|20
2021-09-09|nefilim|10
2021-09-09|cuba|6
2021-09-09|azroteam|15
2021-09-09|lockdata|5
2021-09-09|babuk|6
2021-09-09|pay2key|6
2021-09-09|blacktor|1
2021-09-09|pysa|211
2021-09-09|clop|34
2021-09-09|everest|10
2021-09-09|revil|20
2021-09-09|ragnarok|1
2021-09-09|avaddon|142
2021-09-09|arvinclub|11
2021-09-09|suncrypt|10
2021-09-09|alphv|1
2021-09-09|quantum|1
2021-09-04|avoslocker|1
2021-09-01|avoslocker|2
2021-08-29|avoslocker|1
2021-08-28|avoslocker|4
2021-08-19|avoslocker|2
2021-08-17|xinglocker|1
2021-08-10|lorenz|1
2021-08-05|avoslocker|1
2021-07-29|lorenz|1
2021-07-27|lorenz|1
2021-07-08|xinglocker|1
2021-07-01|ragnarlocker|1
2021-06-24|lorenz|1
2021-06-23|ragnarlocker|1
2021-06-18|avoslocker|1
2021-06-13|avoslocker|2
2021-06-06|ragnarlocker|1
2021-06-05|ragnarlocker|1
2021-06-03|xinglocker|1
2021-06-02|xinglocker|2
2021-06-01|lorenz|1
2021-05-27|xinglocker|1
2021-05-26|ragnarlocker|1
2021-05-25|ragnarlocker|1
2021-05-24|xinglocker|2
2021-05-18|xinglocker|1
2021-05-14|xinglocker|3
2021-05-13|xinglocker|1
2021-05-11|lorenz|1
2021-05-11|xinglocker|1
2021-05-06|xinglocker|3
2021-04-29|lorenz|1
2021-04-29|xinglocker|2
2021-04-13|lorenz|1
2021-04-11|lorenz|1
2021-04-01|lorenz|3
2021-02-11|lorenz|1
2021-02-08|ragnarlocker|1
2021-01-26|ragnarlocker|1
2021-01-10|lorenz|1
2021-01-01|avoslocker|1
2020-12-24|ragnarlocker|1
2020-12-23|ragnarlocker|1
2020-12-20|lorenz|1
2020-12-18|ragnarlocker|1
2020-12-14|ragnarlocker|1
2020-12-13|ragnarlocker|1
2020-12-12|ragnarlocker|1
2020-12-10|ragnarlocker|3
2020-12-06|ragnarlocker|1
2020-12-05|ragnarlocker|1
2020-11-30|ragnarlocker|1
2020-11-10|ragnarlocker|1
2020-11-08|ragnarlocker|2
2020-11-01|ragnarlocker|1
2020-10-30|ragnarlocker|1
2020-10-20|ragnarlocker|1
2020-10-08|ragnarlocker|1
2020-09-27|ragnarlocker|1
2020-07-13|ragnarlocker|1
2020-06-22|ragnarlocker|5
2020-06-19|ragnarlocker|2
2020-06-11|ragnarlocker|2
2020-06-10|ragnarlocker|1
2020-01-12|lorenz|1
